ticker,name,market,delisting_date,reason,is_genuine
008670,굿모닝신한증권,KOSPI,2005-01-05,지주회사의 완전자회사화(지주회사 신규상장),N
005600,중앙제지,KOSPI,2005-01-06,최종부도발생,Y
035780,그로웰텔레콤,KOSDAQ,2005-01-11,액면가액일정비율미만(취소사유발생일 : 2004년 12월 24일),Y
009220,그로웰전자,KOSDAQ,2005-01-19,액면가액일정비율미만(취소사유발생일 : 2005년 01월 04일),Y
035910,현대멀티캡,KOSDAQ,2005-01-19,최종부도(등록취소사유발생일: 2005년 1월 4일),Y
037640,대경테크노스,KOSDAQ,2005-01-24,최종부도(등록취소사유발생일 : 2005년 1월 7일),Y
007910,세원화성,KOSPI,2005-02-24,신청에 의한 상장폐지,Y
037500,굿라이프5,KOSDAQ,2005-02-24,간접투자자산운용업법 제110조(구 증권투자회사법 제64조)에 의한 해산사유발생,Y
025690,동방라이텍,KOSDAQ,2005-03-12,감사의견거절(상장폐지사유 발생일 : 2005년 02월 24일),Y
004660,신동방CP,KOSPI,2005-03-30,신청에 의한 상장폐지,Y
054080,우주통신,KOSDAQ,2005-03-30,감사의견거절(상장폐지사유 발생일 : 2005년 03월 15일,Y
036880,맥시스템,KOSDAQ,2005-03-31,감사의견거절(상장폐지사유 발생일 : 2005년 03월 16일),Y
036020,한아시스템,KOSDAQ,2005-04-02,감사의견 부적정(상장폐지사유 발생일 : 2005년 03월 21일),Y
036600,지니웍스,KOSDAQ,2005-04-02,감사의견거절(상장폐지사유 발생일 : 2005년 03월 18일),Y
053250,엔에스아이,KOSDAQ,2005-04-02,감사의견거절(상장폐지사유 발생일 : 2005년 03월 19일),Y
037650,성진산업,KOSDAQ,2005-04-05,감사의견거절(상장폐지사유 발생일 : 2005년 03월 21일),Y
056500,슈마일렉트론,KOSDAQ,2005-04-05,감사의견거절(상장폐지사유 발생일 : 2005년 03월 22일),Y
018180,텔슨정보통신,KOSDAQ,2005-04-07,감사의견거절(상장폐지사유 발생일 : 2005년 03월 22일),Y
006150,한메NS,KOSPI,2005-04-08,회사정리절차 개시 신청,Y
038100,아이엠아이티,KOSDAQ,2005-04-08,감사의견거절(상장폐지사유 발생일 : 2005년 03월 23일),Y
037220,넥스텔,KOSDAQ,2005-04-09,최종부도(상장폐지사유 발생일 : 2005년 03월 24일),Y
054370,업필,KOSDAQ,2005-04-12,감사의견거절(상장폐지사유 발생일 : 2005년 03월 26일),Y
042960,창민테크,KOSDAQ,2005-04-13,감사의견거절(상장폐지사유 발생일 : 2005년 03월 28일),Y
006750,센추리,KOSPI,2005-04-14,감사의견 의견거절,Y
009360,베네데스하이텍,KOSPI,2005-04-15,감사의견 의견거절,Y
012250,셰프라인,KOSPI,2005-04-15,감사의견 의견거절,Y
036590,케이엔티,KOSDAQ,2005-04-16,자본전액잠식(상장폐지사유발생일 : 2005년 03월 31일),Y
009760,한국컴퓨터지주,KOSPI,2005-04-19,보통주 주식분포요건 미충족(일반주주 주식수 10/100미만) 2년 계속,Y
049130,하우리,KOSDAQ,2005-04-20,감사의견거절(상장폐지사유 발생일 : 2005년 03월 21일),Y
009890,맥슨텔레콤,KOSPI,2005-04-21,자본전액잠식,Y
032610,에스오케이,KOSDAQ,2005-04-21,감사의견거절(상장폐지사유 발생일 : 2005년 04월 06일),Y
036820,BET,KOSDAQ,2005-04-21,감사범위제한 한정(상장폐지사유 발생일 : 2005년 03월 21일),Y
000110,제일은행,KOSPI,2005-04-22,신청에 의한 상장폐지,Y
036900,택산아이엔씨,KOSDAQ,2005-04-23,감사의견거절,Y
032050,후야인포넷,KOSDAQ,2005-04-26,자본전액잠식(상장폐지사유 발생일 : 2005년 04월 11일),Y
044440,솔빛미디어,KOSDAQ,2005-04-26,감사의견거절(상장폐지사유 발생일 : 2005년 04월 11일),Y
001670,경남모직,KOSPI,2005-04-28,회사정리절차 법인의 상장적격성 불인정,Y
008120,모토조이,KOSPI,2005-04-28,자본전액잠식,Y
009940,대아리드선,KOSPI,2005-04-28,자본전액잠식,Y
030950,보진재,KOSDAQ,2005-04-30,경상손실 및 시가총액 50억원 미달 2회 연속(상장폐지사유 발생일 : 2005년 4월 15일),Y
046810,코리언일랙트로닉스,KOSDAQ,2005-04-30,경상손실 및 시가총액 50억원 미달 2회 연속(상장폐지사유 발생일 : 2005년 4월 15일),Y
002480,범양사,KOSDAQ,2005-05-04,주식분산기준 미달 2년 연속,Y
033220,남성알미늄,KOSDAQ,2005-05-04,주식분산기준 미달 2년 연속,Y
038960,현주컴퓨터,KOSDAQ,2005-05-11,최종부도(상장폐지사유 발생일 : 2005년 04월 25일),Y
010960,삼호개발,KOSDAQ,2005-05-12,유가증권시장 상장,N
013890,지누스,KOSPI,2005-05-18,자본전액잠식,Y
032180,이수세라믹,KOSDAQ,2005-05-25,상장폐지신청(2005.04.28),Y
008030,아이텍스필,KOSDAQ,2005-06-02,최종부도(상장폐지사유 발생일 : 2005년 05월 02일),Y
042950,미래코리아1,KOSDAQ,2005-06-04,존립기간의 만료,Y
008270,산은캐피탈,KOSPI,2005-06-16,신청에 의한 상장폐지,Y
006250,극동전선,KOSPI,2005-07-18,보통주 거래량요건 미충족(월평균거래량 1/100미만) 2분기 계속,Y
001580,신광기업,KOSPI,2005-08-05,감사의견 의견거절,Y
055810,KTC텔레콤,KOSDAQ,2005-08-13,최종부도(상장폐지사유 발생일 : 2005년 07월 29일),Y
009080,퍼시픽글라스,KOSPI,2005-08-17,해산 사유 발생,Y
037030,파워넷,KOSDAQ,2005-08-31,"최근사업연도말 현재 자본잠식률 100분의50이상의 사유로
관리종목지정 후 최근 반기말 현재 자본잠식률이 100분의 50이상",Y
038980,이지클럽,KOSDAQ,2005-09-10,최근사업연도말 기준 자본잠식률 100분의 50이상의 사유로 관리종목지정 후 법정제출기한 다음날로부터 10일이내 반기보고서 미제출,Y
070540,코크렙II,KOSPI,2005-09-15,해산 사유 발생,Y
021570,알루코,KOSDAQ,2005-10-13,최종부도(상장폐지사유 발생일 : 2005년 09월 27일),Y
057110,아이티센,KOSDAQ,2005-10-22,"최근사업연도말 현재 자본잠식률 100분의50이상의 사유로
관리종목지정된 후, 최근 반기말기준으로 감사의견거절 및
반기말 자본잠식률이 100분의 50 이상",Y
039870,피케이엘,KOSDAQ,2005-11-09,상장폐지신청(2005.10.14),Y
002860,하나은행,KOSPI,2005-12-12,지주회사의 완전자회사화(지주회사 신규상장),N
019560,한국파트너스,KOSDAQ,2005-12-24,상장폐지신청(2005.12.21),Y
014010,인터피온반도체,KOSPI,2005-12-28,감사의견 의견거절,Y
023420,유진종합개발,KOSDAQ,2005-12-31,피흡수합병,N
056060,세니콘,KOSDAQ,2006-04-08,감사범위제한으로 인한 의견거절(상장폐지사유 발생일 : 2006년 03월 27일),Y
039110,에스피컴텍,KOSDAQ,2006-04-15,2사업연도 연속 매출액 30억원 미달(상장폐지사유 발생일 : 2006년 03월 31일),Y
049370,CJ엔터테인,KOSDAQ,2006-04-20,피흡수합병,N
041500,대한바이오,KOSDAQ,2006-04-25,2사업연도 연속 매출액 30억원 미달(상장폐지사유일 : 2006년 04월 10일),Y
066480,휘튼,KOSDAQ,2006-04-25,감사의견거절(상장폐지사유발생일 : 2006년 4월 10일),Y
035510,신세계I&C,KOSDAQ,2006-05-18,유가증권시장 상장,N
049800,우진세렉스,KOSDAQ,2006-05-24,유가증권시장 상장,N
016970,씨크롭,KOSPI,2006-07-13,감사의견 의견거절,Y
047420,레이더스컴퍼니,KOSDAQ,2006-07-13,감사의견 범위제한 의견거절,Y
063510,코오롱인터내셔널,KOSPI,2006-07-21,해산 사유 발생,Y
048760,브이케이,KOSDAQ,2006-07-22,최종부도,Y
003330,하나증권,KOSPI,2006-10-26,지주회사의 완전자회사화(지주회사 신규상장),N
044820,코스맥스,KOSDAQ,2006-11-13,유가증권시장 상장,N
003040,한일약품공업,KOSPI,2006-11-21,해산 사유 발생,Y
006600,동신제약,KOSPI,2006-11-22,해산 사유 발생,Y
064900,교보메리츠,KOSPI,2006-12-28,존속기간 만료,Y
085450,굿리치경매1,KOSPI,2007-01-26,해산 사유 발생,Y
037060,시큐어소프트,KOSDAQ,2007-04-04,재감사보고서상 감사의견거절,Y
054250,예일바이오텍,KOSDAQ,2007-04-11,"감사의견거절, 자본전액잠식, 2년 연속 자본잠식률 50% 이상",Y
054440,엠텍반도체,KOSDAQ,2007-04-13,자본전액잠식,Y
054790,제이엠피,KOSDAQ,2007-04-24,감사의견거절,Y
014900,삼보컴퓨터,KOSPI,2007-04-25,자본전액잠식,Y
025830,한국합섬,KOSPI,2007-04-25,감사의견 부적정,Y
025930,팬택,KOSPI,2007-04-25,자본전액잠식,Y
063350,팬택앤큐리텔,KOSPI,2007-04-25,자본전액잠식,Y
045310,이레전자산업,KOSDAQ,2007-05-08,자본전액잠식,Y
067910,코크렙1호부동산투자,KOSPI,2007-05-10,해산 사유 발생,Y
001830,동부일렉트로닉스,KOSPI,2007-05-21,해산 사유 발생,Y
011020,코오롱유화,KOSPI,2007-06-15,해산 사유 발생,Y
005330,카스코,KOSPI,2007-06-20,해산 사유 발생,Y
038420,씨엔씨엔터,KOSDAQ,2007-08-29,2회연속 자본잠식률 50% 이상 및 자기자본 10억원 미만,Y
015670,AP우주통신,KOSPI,2007-09-12,감사의견 의견거절,Y
032710,LG카드,KOSPI,2007-10-10,지주회사의 완전자회사화(지주회사 신규상장),N
033270,유나이티드,KOSDAQ,2007-10-23,유가증권시장 상장,N
012990,LG석유화학,KOSPI,2007-11-15,해산 사유 발생,Y
012460,우영,KOSDAQ,2008-03-13,최종부도,Y
020560,아시아나항공,KOSDAQ,2008-03-28,유가증권시장 상장,N
058680,오브제,KOSDAQ,2008-04-10,피흡수합병,N
032590,엔토리노,KOSDAQ,2008-04-12,자본전액잠식,Y
042570,퓨쳐비젼,KOSDAQ,2008-04-12,자본전액잠식,Y
064720,모델라인,KOSDAQ,2008-04-12,"자본전액잠식,최근3사업연도 연속
자기자본 대비 50%초과 법인세차감전계속사업손실",Y
066330,시큐리티KOR,KOSDAQ,2008-04-12,2연속 자본잠식률 50%이상 및 자기자본 10억원 미만,Y
065810,UC아이콜스,KOSDAQ,2008-04-17,"자본전액잠식, 2회연속 자본잠식률 50%이상, 2회연속 자기자본 10억원 미만",Y
072450,리얼티코리아제1호,KOSPI,2008-04-18,존속기간 만료,Y
032640,LG텔레콤,KOSDAQ,2008-04-21,유가증권시장 상장,N
004530,에스와이,KOSPI,2008-04-22,감사의견 의견거절,Y
035270,청람디지탈,KOSDAQ,2008-04-23,"법정제출기한까지 사업보고서를 제출하지 아니한 후
법정제출기한의 다음날부터 10일 이내에 사업보고서
미제출",Y
041940,한텔,KOSDAQ,2008-04-23,2연속 자본잠식률 50% 이상,Y
057330,플래닛82,KOSDAQ,2008-04-23,"최근 3사업연도 연속 자기자본 대비 50% 초과 법인세
비용차감전계속사업손실 발생",Y
033330,두림티앤씨,KOSDAQ,2008-05-03,감사의견거절(감사범위제한),Y
044370,조이토토,KOSDAQ,2008-05-03,감사의견거절(감사범위제한),Y
055970,에너윈,KOSDAQ,2008-05-03,감사의견거절(감사범위제한),Y
060660,한도하이테크,KOSDAQ,2008-05-03,감사의견거절(감사범위제한),Y
045760,한통데이타,KOSDAQ,2008-06-13,감사의견거절(감사범위제한),Y
034750,디씨씨,KOSDAQ,2008-07-12,2분기 연속 거래실적부진사유 미해소,Y
073470,유레스메리츠제1호,KOSPI,2008-08-04,해산 사유 발생,Y
073530,코크렙제3호CR리츠,KOSPI,2008-08-08,해산 사유 발생,Y
003660,고려시멘트,KOSPI,2008-08-20,해산 사유 발생,Y
060410,베스트플로우,KOSDAQ,2008-08-25,2연속 자본잠식률 50%이상 및 자기자본 10억원 미만,Y
088510,굿리치경매2,KOSPI,2008-08-25,해산 사유 발생,Y
050600,세라온,KOSDAQ,2008-09-09,2회연속 자본잠식률 50%이상,Y
060000,국민은행,KOSPI,2008-10-10,지주회사의 완전자회사화(지주회사 신규상장),N
026940,부국철강,KOSDAQ,2008-10-14,유가증권시장 상장,N
089170,동북아27호,KOSPI,2008-11-05,신청에 의한 상장폐지,Y
089180,동북아28호,KOSPI,2008-11-05,신청에 의한 상장폐지,Y
089190,동북아29호,KOSPI,2008-11-05,신청에 의한 상장폐지,Y
089200,동북아30호,KOSPI,2008-11-05,신청에 의한 상장폐지,Y
035420,NHN,KOSDAQ,2008-11-28,유가증권시장 상장,N
083160,현대경매부동산일호,KOSPI,2008-12-08,존속기간 만료,Y
039060,아이비진,KOSDAQ,2008-12-20,최종부도,Y
007640,HK저축은행,KOSDAQ,2009-02-03,상장폐지신청(2009.01.12),Y
072430,아이레보,KOSDAQ,2009-02-03,상장폐지신청(2009.01.12),Y
005760,위너스인프라인,KOSPI,2009-02-19,감사의견 의견거절,Y
093730,동북아31호,KOSPI,2009-03-13,신청에 의한 상장폐지,Y
016040,디에스피,KOSDAQ,2009-04-11,자본전액잠식,Y
038810,포이보스,KOSDAQ,2009-04-11,자본전액잠식,Y
047370,에프아이투어,KOSDAQ,2009-04-11,자본전액잠식,Y
053890,미디어코프,KOSDAQ,2009-04-11,자본전액잠식,Y
060550,우수씨엔에스,KOSDAQ,2009-04-11,자본전액잠식,Y
066200,이노블루,KOSDAQ,2009-04-11,"2년연속 매출액 30억원 미달, 자본전액잠식",Y
073780,케이디세코,KOSDAQ,2009-04-11,2회 연속 자본잠식률 50%이상,Y
078610,도움,KOSDAQ,2009-04-11,자본전액잠식,Y
079870,산양전기,KOSDAQ,2009-04-11,자본전액잠식,Y
103160,풀무원,KOSPI,2009-04-13,지주회사의 완전자회사화(지주회사 신규상장),N
007050,유리이에스,KOSPI,2009-04-15,최종부도발생,Y
065910,PW제네틱스,KOSDAQ,2009-04-18,감사의견거절(감사범위제한),Y
016890,대웅바이오,KOSDAQ,2009-04-20,피흡수합병,N
076170,GBS,KOSPI,2009-04-22,감사의견 의견거절,Y
019640,희훈디앤지,KOSDAQ,2009-04-23,자본전액잠식,Y
036760,KNS홀딩스,KOSDAQ,2009-04-23,"감사의견거절(감사범위제한), 법정제출기한까지 사업보고서를 제출하지 아니한 후 법정제출기한의 다음날부터 10일 이내에 사업보고서 미제출",Y
038410,트라이콤,KOSDAQ,2009-04-23,법정제출기한까지 사업보고서를 제출하지 아니한 후 법정제출기한의 다음날부터 10일 이내에 사업보고서 미제출,Y
041310,모빌링크,KOSDAQ,2009-04-23,자본전액잠식,Y
052310,H1바이오,KOSDAQ,2009-04-23,3회 연속 자기자본 50%초과 법인세비용차감전계속사업손실,Y
036280,뉴켐진스템셀,KOSDAQ,2009-04-24,"기업의 계속성, 경영의 투명성 또는 기타 코스닥시장의 건전성 등을 종합적으로 고려하여 상장폐지가 필요하다고 인정",Y
001190,마이크로닉스,KOSPI,2009-04-27,공시서류 미제출(사업보고서) 후 10일이내 미제출,Y
025460,팬텀엔터그룹,KOSDAQ,2009-04-29,감사범위 제한에 따른 감사의견 거절,Y
026230,IDH,KOSDAQ,2009-04-29,감사범위 제한에 따른 감사의견 거절,Y
036360,3SOFT,KOSDAQ,2009-04-29,감사의견거절(감사범위제한),Y
056020,쿨투,KOSDAQ,2009-04-29,감사의견거절(감사범위제한),Y
071360,나노하이텍,KOSDAQ,2009-04-29,감사의견거절(감사범위제한),Y
077960,케이이엔지,KOSDAQ,2009-04-29,감사의견거절(감사범위제한),Y
080570,IC코퍼레이션,KOSDAQ,2009-04-29,감사의견거절(감사범위제한),Y
081500,엑스씨이,KOSDAQ,2009-04-29,감사의견거절(감사범위제한),Y
003990,BHK,KOSPI,2009-04-30,감사의견 의견거절,Y
004230,세신,KOSPI,2009-04-30,감사의견 의견거절,Y
053170,코스모스피엘씨,KOSDAQ,2009-04-30,자본전액잠식,Y
048270,포넷,KOSDAQ,2009-05-04,자본전액잠식,Y
000790,씨앤상선,KOSPI,2009-05-13,감사의견 의견거절,Y
001970,신성건설,KOSPI,2009-05-13,감사의견 의견거절,Y
006070,기린,KOSPI,2009-05-13,감사의견 의견거절,Y
008400,C&중공업,KOSPI,2009-05-13,감사의견 의견거절,Y
009690,케이엠에이치,KOSPI,2009-05-13,감사의견 의견거절,Y
013200,씨앤우방,KOSPI,2009-05-13,감사의견 의견거절,Y
033720,블루스톤,KOSDAQ,2009-05-15,감사의견거절(계속기업으로서의 존속능력에 대한 불확실성),Y
036790,자강,KOSDAQ,2009-05-15,감사의견거절(계속기업 존속 불확실성),Y
040020,사라콤,KOSDAQ,2009-05-27,자본전액잠식,Y
059720,야호,KOSDAQ,2009-05-27,감사의견거절(감사범위제한),Y
038920,지이엔에프,KOSDAQ,2009-05-29,"기업의 계속성, 경영의 투명성 또는 기타 코스닥시장의 건전성 등을 종합적으로 고려하여 상장폐지가 필요하다고 인정",Y
053070,트리니티,KOSDAQ,2009-06-03,"기업의 계속성, 경영의 투명성 또는 기타 코스닥시장의 건전성 등을 종합적으로 고려하여 상장폐지가 필요하다고 인정",Y
039990,코아정보,KOSDAQ,2009-06-10,"기업의 계속성, 경영의 투명성 또는 기타 코스닥시장의 건전성 등을 종합적으로 고려하여 상장폐지가 필요하다고 인정",Y
036270,헤쎄나,KOSDAQ,2009-06-17,"기업의 계속성, 경영의 투명성 또는 기타 코스닥시장의 건전성 등을 종합적으로 고려하여 상장폐지가 필요하다고 인정",Y
036610,지디코프,KOSDAQ,2009-06-17,"기업의 계속성, 경영의 투명성 또는 기타 코스닥시장의 건전성 등을 종합적으로 고려하여 상장폐지가 필요하다고 인정",Y
032390,KTF,KOSPI,2009-06-23,해산 사유 발생,Y
079340,하이럭스,KOSDAQ,2009-06-24,"기업의 계속성, 경영의 투명성 또는 기타 코스닥시장의 건전성 등을 종합적으로 고려하여 상장폐지가 필요하다고 인정",Y
031800,ST&I,KOSDAQ,2009-07-01,"기업의 계속성, 경영의 투명성 또는 기타 코스닥시장의 건전성 등을 종합적으로 고려하여 상장폐지가 필요하다고 인정",Y
052560,삼성수산,KOSDAQ,2009-07-01,"기업의 계속성, 경영의 투명성 또는 기타 코스닥시장의 건전성 등을 종합적으로 고려하여 상장폐지가 필요하다고 인정",Y
063280,사이버패스,KOSDAQ,2009-07-08,"기업의 계속성, 경영의 투명성 또는 기타 코스닥시장의 건전성 등을 종합적으로 고려하여 상장폐지가 필요하다고 인정",Y
006210,휴리프,KOSPI,2009-07-15,자본잠식(자본금의 50/100이상 잠식) 2년 계속,Y
016990,LG마이크론,KOSDAQ,2009-07-16,피흡수합병,N
042100,현대오토넷,KOSPI,2009-07-16,해산 사유 발생,Y
039490,키움증권,KOSDAQ,2009-08-03,유가증권시장 상장,N
038830,케이엠에스,KOSDAQ,2009-08-08,"기업의 계속성, 경영의 투명성 또는 기타 코스닥시장의 건전성 등을 종합적으로 고려하여 상장폐지가 필요하다고 인정",Y
001370,FNC코오롱,KOSPI,2009-08-17,해산 사유 발생,Y
035950,케이알,KOSDAQ,2009-08-21,감사범위제한으로 인한 감사의견거절 및 계속기업 불확실성으로 인한 감사의견거절 사유해소 확인서 미제출,Y
044070,한서제약,KOSDAQ,2009-08-25,피흡수합병,N
046320,MTRON,KOSDAQ,2009-08-28,2회연속 자본잠식률 50%이상 및 자기자본 10억원 미만,Y
033880,블루멈,KOSDAQ,2009-09-04,"- 2회연속 자본잠식률 50% 이상
  - 2009.3.31 자본잠식률 50% 이상으로 관리종목 지정 후,
  최근 반기의 재무제표에 대한 감사인의 감사의견 거절",Y
035500,써니트렌드,KOSDAQ,2009-09-04,"-2회연속 자본잠식률 50%이상
 -2회연속 자기자본 10억원미만
 -자본잠식률 50%이상 및 자기자본 10억원미만으로 관리종목 지정후 최근 반기 재무제표에 대한 외부감사인의 감사의견 의견거절",Y
054650,뉴젠비아이티,KOSDAQ,2009-09-04,반기보고서 법정제출기한 익일부터 10일이내 반기검토(감사)보고서 미제출,Y
058550,네오리소스,KOSDAQ,2009-09-15,자본잠식률 50%이상 및 자기자본 10억원 미만으로 관리종목 지정 후 반기의 재무제표에 대한 감사의견 거절,Y
032570,카라반케이디이,KOSDAQ,2009-09-18,발행한 어음 또는 수표가 주거래은행에 의하여 최종부도로 결정되거나 거래은행에 의한 거래 정지,Y
073710,씨디네트웍스,KOSDAQ,2009-09-23,상장폐지신청(2009.08.31),Y
044770,에이엠에스,KOSDAQ,2009-10-07,"자본전액잠식, 2반기 연속 자본잠식률 50%이상, 2반기 연속 자기자본 10억원 미만",Y
052640,제네시스,KOSDAQ,2009-10-07,"기업의 계속성, 경영의 투명성 또는 기타 코스닥시장의 건전성 등을 종합적으로 고려하여 상장폐지가 필요하다고 인정",Y
066850,아이드림,KOSDAQ,2009-10-07,자본잠식률 50%이상으로 관리종목 지정 후 반기 재무제표에 대한 감사의견 거절,Y
076850,맥쿼리센트럴,KOSPI,2009-10-09,해산 사유 발생,Y
001950,남한제지,KOSPI,2009-10-15,자본잠식(자본금의 50/100이상 잠식) 2년 계속,Y
092970,거북선1호선박투자,KOSPI,2009-10-16,신청에 의한 상장폐지,Y
032560,황금에스티,KOSDAQ,2009-10-29,유가증권시장 상장,N
035010,소예,KOSDAQ,2009-11-03,최근 사업연도의 재무제표에 대한 감사인의 감사의견거절,Y
051530,굿이엠지,KOSDAQ,2009-11-03,주된 영업의 정지에 의한 상장폐지기준 해당,Y
014420,프로비타,KOSDAQ,2009-11-06,주된 영업의 정지에 의한 상장폐지기준 해당,Y
036660,플러스프로핏,KOSDAQ,2009-11-20,감사범위 제한에 따른 감사의견 거절,Y
085680,모빌탑,KOSDAQ,2009-11-25,"기업의 계속성, 경영의 투명성 또는 기타 코스닥시장의 건전성 등을 종합적으로 고려하여 상장폐지가 필요하다고 인정",Y
045380,더존디지털,KOSDAQ,2009-12-09,피흡수합병,N
062730,케너텍,KOSDAQ,2009-12-23,회생절차폐지결정사유 및 당해 코스닥시장상장법인의 계속기업 가능성 유무를 고려한 결과  상장폐지기준에 해당한다고 결정,Y
015940,LG데이콤,KOSPI,2010-01-15,해산 사유 발생,Y
045820,LG파워콤,KOSPI,2010-01-15,해산 사유 발생,Y
000610,제일화재해상보험,KOSPI,2010-01-20,해산 사유 발생,Y
083120,동북아9호,KOSPI,2010-01-20,신청에 의한 상장폐지,Y
037510,굿라이프10-MF,KOSDAQ,2010-01-26,자본시장과금융투자업에관한법률 제202조제1항에 의한 해산사유에 해당하는 경우,Y
047940,비엔디,KOSDAQ,2010-01-29,당해 코스닥시장상장법인의 계속성 및 경영의 투명성 등을 종합적으로 고려한 결과 상장폐지기준에 해당한다고 결정,Y
080140,디보스,KOSDAQ,2010-02-02,자본잠식률 50%이상사유로 관리종목지정후 반기 감사의견 부적정,Y
037830,글로포스트,KOSDAQ,2010-02-09,"기업의 계속성, 경영의 투명성 또는 기타 코스닥시장의 건전성 등을 종합적으로 고려하여 상장폐지가 필요하다고 인정",Y
045400,이롬텍,KOSDAQ,2010-02-11,"정기보고서 미제출로 관리종목 지정후 법정제출기한내 사업보고서 미제출, 2회 연속 정기주주총회 미개최 또는 재무제표 미승인, 자본전액잠식",Y
031960,동산진흥,KOSDAQ,2010-02-20,"기업의 계속성, 경영의 투명성 또는 기타 코스닥시장의 건전성 등을 종합적으로 고려하여 상장폐지기준에 해당한다고 결정",Y
067950,티이씨,KOSDAQ,2010-02-20,당해 코스닥시장상장법인의 계속성 및 경영의 투명성 등을 종합적으로 고려한 결과 상장폐지기준에 해당한다고 결정,Y
078700,신지소프트,KOSDAQ,2010-02-27,시가총액 40억원 미달,Y
015050,비전하이테크,KOSDAQ,2010-03-09,"기업의 계속성, 경영의 투명성 또는 기타 코스닥시장의 건전성 등을 종합적으로 고려하여 상장폐지가 필요하다고 인정",Y
041800,코디콤,KOSDAQ,2010-03-09,"기업의 계속성, 경영의 투명성 또는 기타 코스닥시장의 건전성 등을 종합적으로 고려하여 상장폐지가 필요하다고 인정",Y
056850,코어비트,KOSDAQ,2010-03-09,"기업의 계속성, 경영의 투명성 또는 기타 코스닥시장의 건전성 등을 종합적으로 고려하여 상장폐지가 필요하다고 인정",Y
008320,한국기술산업,KOSPI,2010-03-11,감사의견 의견거절,Y
017010,제너비오믹스,KOSDAQ,2010-03-26,- 주된 영업이 정지되어 코스닥시장상장규정 제38조제2항제1호(삭제 ‘09.12.2)의 상장폐지기준 해당 / 기업의 계속성 및 경영의 투명성 등을 종합적으로 고려한 결과 코스닥시장상장규정 제38조제2항제5호라목(신설 ‘09.12.2)의 상장폐지기준 해당,Y
084810,아이알디,KOSDAQ,2010-04-01,당해 코스닥시장상장법인의 계속성 및 경영의 투명성 등을 종합적으로 고려한 결과 상장폐지기준에 해당한다고 결정,Y
054020,GK파워,KOSDAQ,2010-04-03,최종부도,Y
017050,스타맥스,KOSDAQ,2010-04-05,"기업의 계속성, 경영의 투명성 또는 기타 코스닥시장의 건전성 등을 종합적으로 고려하여 상장폐지가 필요하다고 인정",Y
045880,유티엑스,KOSDAQ,2010-04-10,기업의 계속성 및 경영의 투명성 등을 종합적으로 고려하여 상장폐지가 필요하다고 인정,Y
008340,코레스,KOSDAQ,2010-04-13,자본전액잠식,Y
015170,중앙바이오텍,KOSDAQ,2010-04-13,자본전액잠식,Y
032030,일공공일안경,KOSDAQ,2010-04-13,자본전액잠식,Y
046350,에듀아크,KOSDAQ,2010-04-13,최근 3사업연도 연속 자기자본 대비 50% 초과 법인세 비용차감전계속사업손실 발생,Y
051810,모보,KOSDAQ,2010-04-13,최근 3사업연도 연속 자기자본 50%초과 법인세비용차감전 계속사업손실 등,Y
060670,유퍼트,KOSDAQ,2010-04-13,자본전액잠식,Y
064060,사이노젠,KOSDAQ,2010-04-13,자본전액잠식,Y
079560,모젬,KOSDAQ,2010-04-13,최근 3사업연도 연속 자기자본 대비 50% 초과 법인세 비용차감전계속사업손실 발생,Y
108070,삼성디지털이미징,KOSPI,2010-04-14,해산 사유 발생,Y
001600,서광건설산업,KOSPI,2010-04-15,자본전액잠식,Y
004820,조인에너지,KOSPI,2010-04-15,자본전액잠식,Y
017300,에이치비이에너지,KOSPI,2010-04-15,자본전액잠식,Y
034660,제넥셀,KOSDAQ,2010-04-15,감사범위제한으로 인한 감사의견 거절,Y
065340,쓰리디월드,KOSDAQ,2010-04-15,감사의견거절(감사범위제한),Y
033260,쌈지,KOSDAQ,2010-04-17,최종부도 발생,Y
038690,에이스일렉,KOSDAQ,2010-04-17,감사의견거절(감사범위제한),Y
048130,에스피코프,KOSDAQ,2010-04-20,최종부도 발생,Y
012420,메리츠종금,KOSPI,2010-04-21,해산 사유 발생,Y
053440,성우몰드,KOSDAQ,2010-04-21,상장폐지신청('10.3.29),Y
002540,고제,KOSPI,2010-04-23,감사의견 의견거절,Y
033190,폴켐,KOSDAQ,2010-04-23,사업보고서 법정제출기한 익일부터 10일이내 미제출,Y
045290,포네이처,KOSDAQ,2010-04-23,사업보고서 법정제출기한 익일부터 10일이내 미제출,Y
076090,테이크시스템,KOSDAQ,2010-04-23,감사의견거절(감사범위제한),Y
031440,신세계푸드,KOSDAQ,2010-04-29,유가증권시장 상장,N
020070,에버리소스,KOSDAQ,2010-05-01,감사범위제한 및 계속기업존속능력에 대한 불확실성으로 인한 감사의견거절,Y
035710,CL,KOSDAQ,2010-05-01,감사범위제한으로 인한 감사의견거절,Y
037110,JS,KOSDAQ,2010-05-01,감사의견거절(감사범위제한),Y
078670,아구스,KOSDAQ,2010-05-01,감사의견거절(감사범위제한 및 계속기업 존속 불확실),Y
012090,성원건설,KOSPI,2010-05-03,감사의견 의견거절,Y
024870,유성티에스아이,KOSPI,2010-05-03,감사의견 의견거절,Y
069470,제로원인터랙티브,KOSPI,2010-05-03,감사의견 의견거절,Y
041030,이루넷,KOSDAQ,2010-05-05,감사범위제한으로 인한 감사의견 거절,Y
065410,지엔텍홀딩스,KOSDAQ,2010-05-05,감사의견거절(감사범위제한 및 계속기업 존속 불확실),Y
030390,쏠라엔텍,KOSDAQ,2010-05-08,감사의견거절(감사범위제한 및 계속기업 존속 불확실),Y
041320,보홍,KOSDAQ,2010-05-08,감사의견거절(감사범위제한),Y
041630,인젠,KOSDAQ,2010-05-08,감사범위제한으로 인한 의견거절,Y
053470,오페스,KOSDAQ,2010-05-08,감사범위제한으로 인한 감사의견 거절,Y
057100,하이스마텍,KOSDAQ,2010-05-08,감사의견거절(감사범위제한),Y
058480,해원에스티,KOSDAQ,2010-05-08,감사범위제한으로 인한 감사의견거절,Y
074140,엑스로드,KOSDAQ,2010-05-08,감사범위제한으로 인한 의견거절,Y
085990,단성일렉트론,KOSDAQ,2010-05-08,감사의견거절(감사범위제한),Y
007490,태창기업,KOSPI,2010-05-13,감사의견 의견거절,Y
018410,현대금속,KOSPI,2010-05-13,감사의견 의견거절,Y
067850,바이나믹,KOSDAQ,2010-05-19,당해 코스닥시장상장법인의 계속성 및 경영의 투명성 등을 종합적으로 고려한 결과 상장폐지기준에 해당한다고 결정,Y
011400,케이씨오에너지,KOSPI,2010-05-20,최종부도발생,Y
023670,알이엔,KOSDAQ,2010-06-17,"기업의 계속성, 경영의 투명성 또는 기타 코스닥시장의 건전성 등을 종합적으로 고려하여 상장폐지 기준에 해당한다고 결정",Y
068770,선우중공업,KOSDAQ,2010-06-17,"기업의 계속성, 경영의 투명성 또는 기타 코스닥시장의 건전성 등을 종합적으로 고려하여 상장폐지 기준에 해당한다고 결정",Y
066300,샤인시스템,KOSDAQ,2010-06-29,"기업의 계속성, 경영의 투명성 또는 기타 코스닥시장의 건전성 등을 종합적으로 고려하여 상장폐지 기준에 해당한다고 결정",Y
066930,에스디,KOSDAQ,2010-06-29,상장폐지신청('10.06.01),Y
084240,동북아15호,KOSPI,2010-07-13,신청에 의한 상장폐지,Y
027840,한국고덴시,KOSPI,2010-07-14,해산 사유 발생,Y
036850,나리지*온,KOSDAQ,2010-07-14,피흡수합병,N
035830,메카포럼,KOSDAQ,2010-07-16,"기업의 계속성, 경영의 투명성 또는 기타 코스닥시장의 건전성 등을 종합적으로 고려하여 상장폐지 기준에 해당한다고 결정",Y
114410,현대푸드,KOSPI,2010-07-16,해산 사유 발생,Y
033920,무학,KOSDAQ,2010-07-20,유가증권시장 상장,N
047710,액티투오,KOSDAQ,2010-07-21,"기업의 계속성, 경영의 투명성 또는 기타 코스닥시장의 건전성 등을 종합적으로 고려하여 상장폐지 기준에 해당한다고 결정",Y
011050,케드콤,KOSPI,2010-07-22,감사의견 의견거절,Y
018890,모라리소스,KOSDAQ,2010-07-22,"기업의 계속성, 경영의 투명성 또는 기타 코스닥시장의  건전성 등을 종합적으로 고려하여 상장폐지 기준에 해당한다고 결정",Y
012580,톰보이,KOSPI,2010-07-30,최종부도발생,Y
041550,쎄라텍,KOSDAQ,2010-08-25,"기업의 계속성, 경영의 투명성 또는 기타 코스닥시장의 건전성 등을 종합적으로 고려하여 상장폐지 기준에 해당한다고 결정",Y
058690,퓨쳐인포넷,KOSDAQ,2010-08-26,기업의 계속성 및 경영의 투명성 등을 종합적으로 고려하여 상장폐지가 필요하다고 인정,Y
089240,네오세미테크,KOSDAQ,2010-09-03,감사의견거절(감사범위 제한),Y
041450,인네트,KOSDAQ,2010-09-14,최종부도 발생,Y
033030,지오엠씨,KOSDAQ,2010-09-25,"기업의 계속성, 경영의 투명성 또는 기타 코스닥시장의 건전성 등을 종합적으로 고려하여 상장폐지 기준에 해당한다고 결정",Y
035400,브이에스에스티,KOSDAQ,2010-10-01,기업의 계속성 및 경영의 투명성 등을 종합적으로 고려하여 상장폐지가 필요하다고 인정,Y
055250,다휘,KOSDAQ,2010-10-01,"기업의 계속성, 경영의 투명성 또는 기타 코스닥시장의 건전성 등을 종합적으로 고려하여 상장폐지 기준에 해당한다고 결정",Y
058900,투미비티,KOSDAQ,2010-10-12,"기업의 계속성, 경영의 투명성 또는 기타 코스닥시장의 건전성 등을 종합적으로 고려하여 상장폐지 기준에 해당한다고 결정",Y
084160,골든경매일호,KOSPI,2010-10-15,해산 사유 발생,Y
013650,데코,KOSDAQ,2010-10-19,피흡수합병,N
052970,올리브나인,KOSDAQ,2010-10-20,"기업의 계속성, 경영의 투명성 또는 기타 코스닥시장의 건전성 등을 종합적으로 고려하여 상장폐지 기준에 해당한다고 결정",Y
080410,동북아6호,KOSPI,2010-10-25,신청에 의한 상장폐지,Y
030790,동양시스템즈,KOSDAQ,2010-11-02,유가증권시장 상장,N
070080,하이드로젠파워,KOSDAQ,2010-11-06,최종부도,Y
048510,테스텍,KOSDAQ,2010-11-10,최근 사업연도말 기준으로 자본잠식률 100분의 50 이상 및 자기자본 10억원 미만의 사유로 관리종목으로 지정된 후 최근 반기말 외부감사인의 감사보고서상 계속기업 존속능력에 대한 불확실성으로 인한 의견거절 발생,Y
044640,동부CNI,KOSDAQ,2010-11-22,피흡수합병,N
048140,태광이엔시,KOSDAQ,2010-11-25,"기업의 계속성, 경영의 투명성 또는 기타 코스닥시장의 건전성 등을 종합적으로 고려하여 상장폐지 기준에 해당한다고 결정",Y
078420,동북아1호,KOSPI,2010-11-29,신청에 의한 상장폐지,Y
047450,이앤텍,KOSDAQ,2010-11-30,"기업의 계속성, 경영의 투명성 또는 기타 코스닥시장의 건전성 등을 종합적으로 고려하여 상장폐지 기준에 해당한다고 결정",Y
101380,거북선2호,KOSPI,2010-12-03,신청에 의한 상장폐지,Y
102000,거북선3호,KOSPI,2010-12-03,신청에 의한 상장폐지,Y
052210,엠씨티티코어,KOSDAQ,2010-12-04,"기업의 계속성, 경영의 투명성 또는 기타 코스닥시장의 건전성 등을 종합적으로 고려하여 상장폐지 기준에 해당한다고 결정",Y
088010,동북아21호선박투자,KOSPI,2010-12-28,존속기간 만료,Y
086720,코크렙7호,KOSPI,2010-12-29,존속기간 만료,Y
082110,동북아8호,KOSPI,2011-01-04,종목별 상장폐지신청,Y
094950,지비베트남1,KOSPI,2011-01-05,해산 사유 발생,Y
088020,네이쳐글로벌,KOSDAQ,2011-01-08,"기업의 계속성, 경영의 투명성 또는 기타 코스닥시장의 건전성 등을 종합적으로 고려하여 상장폐지 기준에 해당한다고 결정",Y
051820,아이피에스,KOSDAQ,2011-01-14,피흡수합병,N
084450,세실,KOSDAQ,2011-02-10,감사의견거절(범위제한 및 계속기업 존속 불확실성),Y
046240,에스브이에이치,KOSDAQ,2011-02-12,기업의 계속성 및 경영의 투명성 등을 종합적으로 고려하여 상장폐지 기준에 해당한다고 결정,Y
009720,한국전기초자,KOSPI,2011-02-16,신청에 의한 상장폐지,Y
032380,핸디소프트,KOSDAQ,2011-03-03,기업의 계속성 및 경영의 투명성 등을 종합적으로 고려하여 상장폐지 기준에 해당한다고 결정,Y
037150,CJ인터넷,KOSDAQ,2011-03-22,씨제이이앤엠(주)에 피흡수합병,N
045710,온미디어,KOSPI,2011-03-22,해산 사유 발생,Y
056200,엠넷미디어,KOSDAQ,2011-03-22,씨제이이앤엠(주)에 피흡수합병,N
005280,부산은행,KOSPI,2011-03-30,지주회사의 완전자회사화(지주회사 신규상장),N
019120,경윤하이드로,KOSDAQ,2011-04-06,기업의 계속성 및 경영의 투명성 등을 종합적으로 고려하여 상장폐지 기준에 해당한다고 결정,Y
030030,중앙디자인,KOSDAQ,2011-04-13,자본전액잠식,Y
031990,대선조선,KOSDAQ,2011-04-13,자본전액잠식 등,Y
043680,스톰이앤에프,KOSDAQ,2011-04-13,자본전액잠식 등,Y
048640,엠엔에프씨,KOSDAQ,2011-04-13,자본전액잠식 등,Y
005350,봉신,KOSPI,2011-04-15,자본전액잠식,Y
013240,셀런,KOSPI,2011-04-15,자본전액잠식,Y
060750,제이콤,KOSDAQ,2011-04-16,최종부도 발생,Y
032290,알티전자,KOSDAQ,2011-04-23,사업보고서 법정제출기한 익일부터 10일 이내 미제출,Y
037020,한와이어리스,KOSDAQ,2011-04-23,사업보고서 법정제출기한 익일부터 10일이내 미제출,Y
049690,포휴먼,KOSDAQ,2011-04-23,사업보고서 법정제출기한 익일부터 10일이내 미제출,Y
016160,오라바이오틱스,KOSPI,2011-04-26,공시서류 미제출(사업보고서) 후 10일이내 미제출,Y
017160,세븐코스프,KOSDAQ,2011-04-29,감사의견거절(감사범위제한 및 계속기업으로서의 존속능력에 대한 불확실성),Y
019430,넥서스투자,KOSDAQ,2011-04-29,감사의견거절(감사범위제한),Y
039040,유니텍전자,KOSDAQ,2011-04-29,감사의견거절(감사범위 제한 및 계속기업으로서의 존속능력에 대한 불확실성),Y
043630,지앤알,KOSDAQ,2011-04-29,감사의견거절(감사범위 제한 및 계속기업으로서의 존속능력에 대한 불확실성),Y
054150,뉴젠아이씨티,KOSDAQ,2011-04-29,감사의견거절(감사범위제한),Y
054170,엔빅스,KOSDAQ,2011-04-29,감사의견거절(감사범위 제한),Y
088810,맥스브로,KOSDAQ,2011-04-29,감사의견거절(감사범위 제한 및 계속기업으로서의 존속능력에 대한 불확실성),Y
030420,디패션,KOSDAQ,2011-05-07,감사의견 부적정,Y
033850,지노시스템,KOSDAQ,2011-05-07,감사의견거절(감사범위제한),Y
038710,BRN사이언스,KOSDAQ,2011-05-07,감사의견거절(계속기업으로서의 존속능력에 대한 불확실성),Y
072530,나이스메탈,KOSDAQ,2011-05-07,감사의견거절(감사범위 제한 및 계속기업으로서의 존속능력에 대한 불확실성),Y
014590,티엘씨레저,KOSPI,2011-05-13,감사의견 의견거절,Y
017170,훈영,KOSPI,2011-05-13,감사의견 의견거절,Y
004620,캠브리지코오롱,KOSPI,2011-05-17,해산 사유 발생,Y
005270,대구은행,KOSPI,2011-06-07,지주회사의 완전자회사화(지주회사 신규상장),N
031950,에듀패스,KOSDAQ,2011-06-09,"기업의 계속성, 경영의 투명성 또는 기타 코스닥시장의 건전성 등을 종합적으로 고려하여 상장폐지가 필요하다고 인정",Y
039350,헤파호프,KOSDAQ,2011-06-16,기업의 계속성 및 경영의 투명성 등을 종합적으로 고려하여 상장폐지 기준에 해당한다고 결정,Y
052510,에코솔루션,KOSDAQ,2011-06-16,감사의견거절(감사범위 제한 및 계속기업으로서의 존속능력에 대한 불확실성),Y
105380,다산리츠,KOSPI,2011-06-24,감사의견 의견거절,Y
034600,글로웍스,KOSDAQ,2011-06-29,자본잠식률 50%이상으로 관리종목 지정 후 반기 재무제표에 대한 감사의견 거절,Y
016510,현대DSF,KOSPI,2011-07-18,해산 사유 발생,Y
022520,코오롱아이넷,KOSDAQ,2011-07-19,유가증권시장 상장,N
050640,이룸지엔지,KOSDAQ,2011-08-20,"기업의 계속성, 경영의 투명성 또는 기타 코스닥시장의 건전성 등을 종합적으로 고려하여 상장폐지가 필요하다고 인정",Y
036550,에이스디지텍,KOSDAQ,2011-08-22,피흡수합병,N
078520,에이블씨엔씨,KOSDAQ,2011-09-07,유가증권시장 상장,N
047600,세계투어,KOSDAQ,2011-09-09,자본잠식률 50% 이상으로 관리종목 지정 후 반기보고서 법정제출기한 익일부터 10일이내 반기검토(감사)보고서 미제출,Y
066340,케이에스알,KOSDAQ,2011-09-09,자본잠식률 50% 이상으로 관리종목 지정 후 반기보고서 법정제출기한 익일부터 10일 이내 반기 검토(감사)보고서 미제출,Y
023020,동양매직,KOSDAQ,2011-09-14,피흡수합병,N
036840,히스토스템,KOSDAQ,2011-09-15,"기업의 계속성, 경영의 투명성 또는 기타 코스닥시장의 건전성등을 종합적으로 고려하여 상장폐지가  필요하다고 인정",Y
052880,큐앤에스,KOSDAQ,2011-09-23,상장폐지사유 발생,Y
081090,씨모텍,KOSDAQ,2011-09-23,감사의견거절(감사범위 제한 및 계속기업으로서의 존속능력에 대한 불확실성) 등,Y
103150,하이트맥주,KOSPI,2011-09-26,해산 사유 발생,Y
042870,에코페트로시스템,KOSDAQ,2011-10-06,감사의견거절(감사범위 제한 및 계속기업으로서의 존속능력에 대한 불확실성),Y
054010,선팩테크,KOSDAQ,2011-10-06,감사의견거절(감사범위 제한 및 계속기업으로서의 존속능력에 대한 불확실성),Y
037700,토자이홀딩스,KOSDAQ,2011-10-12,기업의 계속성 및 경영의 투명성 등을 종합적으로 고려하여 상장폐지 기준에 해당한다고 결정,Y
024100,제일저축은행,KOSPI,2011-10-14,자본전액잠식,Y
026540,제일창투,KOSDAQ,2011-10-14,감사의견거절(감사범위제한),Y
040180,대양글로벌,KOSDAQ,2011-10-25,감사의견거절(감사범위 제한),Y
037550,클라스타,KOSDAQ,2011-10-26,"자본잠식률 50% 이상으로 관리종목 지정 후, 최근 반기의 재무제표에 대한 감사인의 감사의견 거절",Y
039130,하나투어,KOSDAQ,2011-11-01,유가증권시장 상장,N
950030,네프로아이티,KOSDAQ,2011-11-05,기업의 계속성 및 경영의 투명성 등을 종합적으로 고려하여 상장폐지 기준에 해당한다고 결정,Y
052810,아시아미디어홀딩스,KOSDAQ,2011-11-22,"기업의 계속성, 경영의 투명성 또는 기타 코스닥시장의 건전성 등을 종합적으로 고려하여 상장폐지 기준에 해당한다고 결정",Y
094520,맵스베트남1,KOSPI,2011-11-24,신청에 의한 상장폐지,Y
037540,네스테크,KOSDAQ,2011-11-26,"기업의 계속성, 경영의 투명성 또는 기타 코스닥시장의 건전성 등을 종합적으로 고려하여 상장폐지 기준에 해당한다고 결정",Y
900020,코웰이홀딩스,KOSDAQ,2011-11-26,상장폐지신청('11.10.27),Y
026220,에스티씨라이프,KOSDAQ,2011-11-29,기업의 계속성 및 경영의 투명성 등을 종합적으로 고려하여 상장폐지 기준에 해당한다고 결정,Y
054120,더체인지,KOSDAQ,2011-12-15,피흡수합병,N
090090,디앤샵,KOSDAQ,2011-12-15,피흡수합병,N
025970,알덱스,KOSDAQ,2011-12-20,피흡수합병,N
025340,그린기술투자,KOSDAQ,2011-12-28,기업의 계속성 및 경영의 투명성 등을 종합적으로 고려하여 상장폐지 기준에 해당한다고 결정,Y
061140,엘앤피아너스,KOSDAQ,2011-12-28,"기업의 계속성, 경영의 투명성 또는 기타 코스닥시장의 건전성 등을 종합적으로 고려하여 상장폐지가 필요하다고 결정",Y
022520,코오롱아이넷,KOSPI,2012-01-11,해산 사유 발생,Y
032930,에이스앤파트너스,KOSDAQ,2012-01-18,피흡수합병,N
061050,지앤디윈텍,KOSDAQ,2012-01-20,기업의 계속성 및 경영의 투명성 등을 종합적으로 고려하여 상장폐지 기준에 해당한다고 결정,Y
037380,에이원마이크로,KOSDAQ,2012-02-01,기업의 계속성 및 경영의 투명성 등을 종합적으로 고려하여 상장폐지 기준에 해당한다고 결정,Y
046720,엔하이테크,KOSDAQ,2012-02-01,기업의 계속성 및 경영의 투명성 등을 종합적으로 고려하여 상장폐지 기준에 해당한다고 결정,Y
093820,한국유전15-1,KOSPI,2012-02-01,해산 사유 발생,Y
088960,씨티엘테크,KOSDAQ,2012-02-08,기업의 계속성 및 경영의 투명성 등을 종합적으로 고려하여 상장폐지 기준에 해당한다고 결정,Y
114130,거북선5호,KOSPI,2012-03-02,신청에 의한 상장폐지,Y
114140,거북선6호,KOSPI,2012-03-02,신청에 의한 상장폐지,Y
134000,거북선7호,KOSPI,2012-03-02,신청에 의한 상장폐지,Y
037320,시노펙스그린테크,KOSDAQ,2012-03-19,피흡수합병,N
015390,엘앤씨피,KOSDAQ,2012-04-13,감사의견거절(감사범위제한),Y
042340,대국,KOSDAQ,2012-04-13,최근3사업연도중2사업연도자기자본 50%초과법인세비용차감전손실발생,Y
056010,아이스테이션,KOSDAQ,2012-04-13,자본전액잠식 등,Y
056710,미리넷,KOSDAQ,2012-04-13,자본전액잠식,Y
089480,평산,KOSDAQ,2012-04-13,감사의견거절(감사범위제한),Y
094700,미성포리테크,KOSDAQ,2012-04-13,자본전액잠식,Y
002670,미주제강,KOSDAQ,2012-04-17,발행한 어음 또는 수표가 주거래은행에 의하여 최종부도로 결정되거나 거래은행에 의한 거래 정지,Y
052350,코아에스앤아이,KOSDAQ,2012-04-17,감사의견거절(감사범위 제한),Y
101790,케이알제2호,KOSPI,2012-04-17,자본잠식(자본금의 50/100이상 잠식) 2년 계속,Y
098150,한국아태특별,KOSPI,2012-04-23,해산 사유 발생,Y
045470,에이프로테크놀로지,KOSDAQ,2012-04-24,사업보고서 법정제출기한 익일부터 10일 이내 미제출 등,Y
068630,에피밸리,KOSDAQ,2012-04-24,사업보고서 법정제출기한 익일부터 10일 이내 미제출,Y
015200,비앤비성원,KOSDAQ,2012-05-01,감사의견거절(감사범위제한),Y
040740,아인스M&M,KOSDAQ,2012-05-01,감사의견거절(감사범위 제한 및 계속기업존속 불확실성),Y
050470,CT&T,KOSDAQ,2012-05-01,감사 의견거절(감사범위 제한),Y
065610,폴리플러스,KOSDAQ,2012-05-01,감사의견거절(감사범위제한),Y
066690,보광티에스,KOSDAQ,2012-05-01,감사의견 거절(감사범위 제한 및 계속기업존속불확실성),Y
053040,블루젬디앤씨,KOSDAQ,2012-05-17,감사의견거절(감사범위 제한 및 계속기업존속 불확실성),Y
001310,풍림산업,KOSPI,2012-05-18,최종부도발생,Y
108890,거북선4호,KOSPI,2012-05-24,신청에 의한 상장폐지,Y
065310,JH코오스,KOSDAQ,2012-05-31,기업의 계속성 및 경영의 투명성 등을 종합적으로 고려하여 상장폐지 기준에 해당한다고 결정,Y
037240,평안물산,KOSDAQ,2012-06-01,감사의견거절(감사범위제한),Y
008540,케이비물산,KOSPI,2012-06-08,감사의견 의견거절,Y
067130,클루넷,KOSDAQ,2012-06-08,"기업의 계속성, 경영의 투명성 또는 기타 코스닥시장의 건전성 등을 종합적으로 고려하여 상장폐지 기준에 해당한다고 결정",Y
012400,허메스홀딩스,KOSPI,2012-06-12,감사의견 의견거절,Y
004550,대우송도개발,KOSPI,2012-06-22,"기업의 계속성, 경영의 투명성 및 기타 공익과 투자자 보호 등을 종합적으로 고려하여 상장폐지 기준에 해당한다고 결정",Y
021060,한림창투,KOSDAQ,2012-06-27,"기업의계속성, 경영의 투명성 또는 기타 코스닥시장의 건전성 등을 종합적으로 고려하여 상장폐지 기준에 해당한다고 결정",Y
000470,그린손해보험,KOSPI,2012-07-16,자본전액잠식,Y
098400,엔스퍼트,KOSDAQ,2012-07-24,"기업의계속성, 경영의 투명성 또는 기타 코스닥시장의 건전성 등을 종합적으로 고려하여 상장폐지 기준에 해당한다고 결정",Y
007800,솔로몬저축은행,KOSPI,2012-07-25,"기업의 계속성, 경영의 투명성 및 기타 공익과 투자자 보호 등을 종합적으로 고려하여 상장폐지 기준에 해당한다고 결정",Y
025610,한국저축은행,KOSPI,2012-07-25,"기업의 계속성, 경영의 투명성 및 기타 공익과 투자자 보호 등을 종합적으로 고려하여 상장폐지 기준에 해당한다고 결정",Y
045260,디에이치패션,KOSDAQ,2012-08-01,"기업의 계속성, 경영의 투명성 또는 기타 코스닥시장의 건전성 등을 종합적으로 고려하여 상장폐지가 필요하다고 인정",Y
105070,금강제강,KOSDAQ,2012-08-14,최종부도 발생,Y
011800,배명금속,KOSPI,2012-09-03,최종부도발생,Y
019260,엔케이바이오,KOSDAQ,2012-09-05,"기업의 계속성, 경영의 투명성 또는 기타 코스닥시장의 건전성 등을 종합적으로 고려하여 상장폐지 기준에 해당한다고 결정",Y
038320,어울림정보,KOSDAQ,2012-09-08,2반기 연속 자본잠식률 50%이상,Y
007150,동양텔레콤,KOSDAQ,2012-09-11,2회 연속 자본잠식률 50%이상,Y
033280,어울림엘시스,KOSDAQ,2012-09-11,2반기 연속 자본잠식률 50%이상,Y
900030,연합과기,KOSPI,2012-09-14,감사의견 의견거절,Y
034510,무한투자,KOSDAQ,2012-09-25,시가총액 40억원 미달,Y
050050,유아이에너지,KOSDAQ,2012-09-26,자본전액잠식,Y
900150,성융광전투자,KOSDAQ,2012-09-26,감사의견거절(감사범위 제한 및 계속기업존속능력 불확실성),Y
071660,SSCP,KOSDAQ,2012-09-29,최종부도 발생,Y
016140,웨스테이트,KOSDAQ,2012-10-12,상장폐지신청('12.09.12),Y
073130,인스프리트,KOSDAQ,2012-10-12,자본잠식률 50% 이상으로 관리종목 지정 이후 최근 반기의 재무제표에 대한 감사인의 감사의견거절 등,Y
121910,대우증권스팩,KOSPI,2012-10-15,SPAC 상장예비심사청구서 미제출 등,Y
007200,진흥저축은행,KOSPI,2012-10-17,자본전액잠식,Y
016560,서울저축은행,KOSPI,2012-10-17,자본잠식(자본금의 50/100이상 잠식) 2년 계속,Y
121950,미래에셋스팩1호,KOSDAQ,2012-10-23,상장예비심사 청구서 미제출로 관리종목 지정후 1개월 이내 동 사유 미해소,Y
035210,티브로드도봉강북방송,KOSDAQ,2012-11-01,상장폐지신청('12.09.26),Y
038990,넥스콘테크,KOSDAQ,2012-11-01,상장폐지신청('12.10.09),Y
043890,한빛방송,KOSDAQ,2012-11-01,상장폐지 신청('12.09.26),Y
122290,동양밸류스팩,KOSPI,2012-11-07,SPAC 상장예비심사청구서 미제출 등,Y
026870,코원에너지서비스,KOSPI,2012-11-15,신청에 의한 상장폐지,Y
048460,엑큐리스,KOSDAQ,2012-11-16,피흡수합병,N
042820,어울림 네트,KOSDAQ,2012-11-17,기업의 계속성 및 경영의 투명성 등을 종합적으로 고려하여 상장폐지 기준에 해당한다고 결정,Y
047730,넷웨이브,KOSDAQ,2012-11-17,기업의 계속성 및 경영의 투명성 등을 종합적으로 고려하여 상장폐지 기준에 해당한다고 결정,Y
045050,큐리어스,KOSDAQ,2012-11-27,"기업의 계속성, 경영의 투명성 또는 기타 코스닥시장의 건전성 등을 종합적으로 고려하여 상장폐지가 필요하다고 인정",Y
046430,알에스넷,KOSDAQ,2012-12-05,"기업의 계속성, 경영의 투명성 또는 기타 코스닥시장의 건전성 등을 종합적으로 고려하여 상장폐지가 필요하다고 인정",Y
015110,중앙건설,KOSPI,2012-12-11,보통주 주가수준미달,Y
122750,우리스팩1호,KOSPI,2012-12-21,SPAC 상장예비심사청구서 미제출 등,Y
064420,케이피케미칼,KOSPI,2013-01-15,해산 사유 발생,Y
014300,선진지주,KOSPI,2013-01-18,해산 사유 발생,Y
123160,히든챔피언스팩1호,KOSDAQ,2013-01-18,상장예비심사 청구서 미제출로 관리종목 지정후 1개월 이내 동 사유 미해소,Y
004010,롯데미도파,KOSPI,2013-01-22,해산 사유 발생,Y
009380,아세아페이퍼텍,KOSPI,2013-01-23,해산 사유 발생,Y
007480,대한은박지,KOSPI,2013-01-28,해산 사유 발생,Y
038120,AD모터스,KOSDAQ,2013-01-30,"기업의 계속성, 경영의 투명성 또는 기타 코스닥시장의 건전성 등을 종합적으로 고려하여 상장폐지가 필요하다고 인정",Y
124050,한화SV스팩1호,KOSDAQ,2013-02-15,상장예비심사 청구서 미제출로 관리종목 지정후 1개월 이내 동 사유 미해소,Y
034010,트라이써클,KOSDAQ,2013-02-21,"기업의 계속성, 경영의 투명성 또는 기타 코스닥시장의 건전성 등을 종합적으로 고려하여 상장폐지가 필요하다고 인정",Y
031920,신민저축은행,KOSDAQ,2013-02-27,2반기 연속 자본잠식률 50%이상,Y
016570,태평양제약,KOSPI,2013-03-15,신청에 의한 상장폐지,Y
123290,한국스팩1호,KOSDAQ,2013-03-29,상장예비심사 청구서 미제출로 관리종목 지정 후 1개월 이내 동 사유 미해소,Y
123550,대신증권그로쓰스팩,KOSDAQ,2013-03-29,상장예비심사 청구서 미제출로 관리종목 지정 후 1개월 이내 동 사유 미해소,Y
123910,에스비아이앤솔로몬스팩,KOSDAQ,2013-03-29,상장예비심사 청구서 미제출로 관리종목 지정 후 1개월 이내 동 사유 미해소,Y
068420,엔터기술,KOSDAQ,2013-04-06,"기업의 계속성, 경영의 투명성 또는 기타 코스닥시장의 건전성 등을 종합적으로 고려하여 상장폐지가 필요하다고 인정",Y
093400,코리아05호,KOSPI,2013-04-10,감사의견 의견거절,Y
093410,코리아06호,KOSPI,2013-04-10,감사의견 의견거절,Y
099210,코리아07호,KOSPI,2013-04-10,감사의견 의견거절,Y
026250,삼우이엠씨,KOSDAQ,2013-04-12,자본전액잠식,Y
052650,이디디컴퍼니,KOSDAQ,2013-04-12,반기 재무제표에 대한 검토의견거절로 관리종목 지정후 자본잠식률 50% 이상,Y
066060,휴먼텍코리아,KOSDAQ,2013-04-12,자본전액잠식,Y
006440,한일건설,KOSPI,2013-04-16,자본전액잠식,Y
009280,다함이텍,KOSPI,2013-04-16,매출액 미달 2년 계속,Y
013780,아큐텍,KOSDAQ,2013-04-23,"기업의 계속성, 경영의 투명성 또는 기타 코스닥시장의 건전성 등을 종합적으로 고려하여 상장폐지가 필요하다고 인정",Y
071530,유에이블,KOSDAQ,2013-04-23,"기업의 계속성, 경영의 투명성 또는 기타 코스닥시장의 건전성 등을 종합적으로 고려하여 상장폐지가 필요하다고 인정",Y
004940,한국외환은행,KOSPI,2013-04-26,신청에 의한 상장폐지,Y
009010,에듀언스,KOSDAQ,2013-05-01,감사의견거절(감사범위 제한 및 계속기업으로서의 존속능력에 대한 불확실성),Y
038720,유일엔시스,KOSDAQ,2013-05-01,감사의견 부적정,Y
046840,자유투어,KOSDAQ,2013-05-01,감사의견거절(감사범위 제한),Y
051710,디에스,KOSDAQ,2013-05-01,감사의견거절(감사범위 제한 및 계속기업으로서의 존속능력에 대한 불확실성),Y
003190,알앤엘바이오,KOSPI,2013-05-03,감사의견 의견거절,Y
028090,네오퍼플,KOSDAQ,2013-05-03,감사의견거절(감사범위 제한 및 계속기업으로서의 존속능력에 대한 불확실성),Y
088700,마이스코,KOSDAQ,2013-05-04,감사의견거절(계속기업으로서의 존속능력에 대한 불확실성),Y
033550,룩손에너지,KOSDAQ,2013-05-07,감사의견거절(감사범위 제한 및 계속기업으로서의 존속능력에 대한 불확실성),Y
036920,지앤에스티,KOSDAQ,2013-05-07,감사의견거절(감사범위 제한),Y
123300,부국퓨쳐스타즈스팩,KOSDAQ,2013-06-03,상장예비심사 청구서 미제출로 관리종목 지정 후 1개월 이내 동 사유 미해소,Y
012410,글로스텍,KOSPI,2013-06-04,감사의견 의견거절,Y
900010,3노드디지탈,KOSDAQ,2013-06-05,상장폐지 신청('13.05.08),Y
025920,우경,KOSDAQ,2013-07-10,감사의견거절(감사범위 제한),Y
073930,제너시스템즈,KOSDAQ,2013-07-12,자본전액잠식,Y
128910,동부티에스블랙펄스팩,KOSDAQ,2013-07-15,상장예비심사 청구서 미제출로 관리종목 지정 후 1개월 이내 동 사유 미해소,Y
006350,전북은행,KOSPI,2013-07-18,지주회사의 완전자회사화(지주회사 신규상장),N
037630,에스비엠,KOSDAQ,2013-07-24,감사의견거절(감사범위 제한 및 계속기업으로서의 존속능력에 대한 불확실성),Y
126680,IBKS스팩1호,KOSDAQ,2013-07-29,상장예비심사 청구서 미제출로 관리종목 지정 후 1개월 이내 동 사유 미해소,Y
035450,지아이바이오,KOSDAQ,2013-08-07,감사의견거절(감사범위 제한 및 계속기업으로서의 존속능력에 대한 불확실성),Y
080030,동북아2호,KOSPI,2013-08-19,신청에 의한 상장폐지,Y
049000,예당,KOSDAQ,2013-09-10,기업의 계속성 및 경영의 투명성 등을 종합적으로 고려하여 상장폐지기준에 해당,Y
056810,위다스,KOSDAQ,2013-09-10,의견거절(감사범위 제한),Y
008080,에스와이코퍼레이션,KOSPI,2013-09-25,신청에 의한 상장폐지,Y
950070,중국고섬,KOSPI,2013-10-04,감사의견 의견거절,Y
900060,중국식품포장,KOSDAQ,2013-10-11,상장폐지신청('13.09.06),Y
053320,테라리소스,KOSDAQ,2014-02-07,기업의 계속성 및 경영의 투명성 등을 종합적으로 고려하여 상장폐지기준에 해당,Y
080960,동북아3호,KOSPI,2014-02-11,신청에 의한 상장폐지,Y
080970,동북아4호,KOSPI,2014-02-18,신청에 의한 상장폐지,Y
081220,세미텍,KOSDAQ,2014-03-03,피흡수합병,N
004790,렉스엘이앤지,KOSDAQ,2014-03-04,"기업의 계속성, 경영의 투명성 또는 기타 코스닥시장의 건전성 등을 종합적으로 고려하여 상장폐지가 필요하다고 인정",Y
074000,엠텍비젼,KOSDAQ,2014-03-27,최근 5사업연도 연속 영업손실 발생 등,Y
005560,JS전선,KOSPI,2014-04-10,신청에 의한 상장폐지,Y
010670,나노트로닉스,KOSDAQ,2014-04-11,기업의 계속성 및 경영의 투명성 등을 종합적으로 고려하여 상장폐지기준에 해당,Y
012650,쌍용건설,KOSDAQ,2014-04-11,자본전액잠식 등,Y
036210,태산엘시디,KOSDAQ,2014-04-11,자본전액잠식등,Y
110310,모린스,KOSDAQ,2014-04-11,자본전액잠식 등,Y
010460,화인자산관리,KOSPI,2014-04-15,보통주 주식분포요건 미충족 2년 계속,Y
067250,STX조선해양,KOSPI,2014-04-15,자본전액잠식,Y
002530,벽산건설,KOSPI,2014-04-25,공시서류 미제출(사업보고서) 후 10일이내 미제출,Y
005900,동양건설,KOSPI,2014-04-25,자본전액잠식,Y
080980,동북아5호,KOSPI,2014-04-25,신청에 의한 상장폐지,Y
041060,아라온테크,KOSDAQ,2014-05-08,감사의견 거절(감사범위 제한 및 계속기업 존속능력에 대한 불확실성),Y
056340,CU전자,KOSDAQ,2014-05-21,최종부도 발생,Y
101990,파브코,KOSPI,2014-05-21,해산 사유 발생,Y
082930,실리콘화일,KOSDAQ,2014-05-23,상장폐지신청('14.04.22),Y
080180,아시아1호,KOSPI,2014-07-10,신청에 의한 상장폐지,Y
001300,제일모직,KOSPI,2014-07-15,해산 사유 발생,Y
070480,에버테크노,KOSDAQ,2014-07-17,감사의견 거절(감사범위 제한 및 계속기업 존속능력에 대한 불확실성,Y
059120,아진엑스텍,KONEX,2014-07-24,코스닥시장 상장,N
013340,AJS,KOSDAQ,2014-09-02,감사의견거절(감사범위 제한 및 계속기업 존속능력에 대한 불확실성),Y
046400,디브이에스,KOSDAQ,2014-09-02,감사의견거절(감사범위제한),Y
110500,유니드코리아,KOSDAQ,2014-09-02,감사의견 거절(계속기업 존속능력에 대한 불확실성),Y
041920,메디아나,KONEX,2014-10-07,코스닥시장 상장,N
119250,에프지엔개발리츠,KOSPI,2014-10-29,"기업의 계속성, 경영의 투명성 및 기타 공익과 투자자 보호 등을 종합적으로 고려하여 상장폐지 기준에 해당한다고 결정",Y
139170,퓨얼셀,KONEX,2014-10-30,피흡수합병,N
182690,테라셈,KONEX,2014-10-30,코스닥시장 상장,N
187770,판타지오,KONEX,2014-11-10,피흡수합병,N
053000,우리금융지주,KOSPI,2014-11-19,해산 사유 발생,Y
084650,랩지노믹스,KONEX,2014-12-16,코스닥시장 상장,N
149980,하이로닉,KONEX,2014-12-17,코스닥시장 이전상장,N
081190,아시아2호,KOSPI,2014-12-18,존속기간 만료,Y
081200,아시아3호,KOSPI,2014-12-22,존속기간 만료,Y
124500,아이티센,KONEX,2014-12-23,코스닥시장 이전상장,N
008720,삼양엔텍,KOSPI,2014-12-30,해산 사유 발생,Y
950100,SBI모기지,KOSPI,2015-01-07,신청에 의한 상장폐지,Y
081940,아시아9호,KOSPI,2015-01-08,존속기간 만료,Y
003640,유니온스틸,KOSPI,2015-01-16,해산 사유 발생,Y
090540,코크렙8호,KOSPI,2015-01-16,해산 사유 발생,Y
016420,NH농협증권,KOSPI,2015-01-20,해산 사유 발생,Y
081210,아시아4호,KOSPI,2015-01-20,존속기간 만료,Y
091690,디지텍시스템,KOSDAQ,2015-01-21,감사의견 거절(감사범위 제한 및 계속기업 존속능력에 대한 불확실성),Y
032420,터보테크,KOSDAQ,2015-01-27,기업의 계속성 및 경영의 투명성 등을 종합적으로 고려하여 상장폐지기준에 해당한다고 결정,Y
053740,국제엘렉트릭,KOSDAQ,2015-02-10,상장폐지 신청('15.01.15),Y
081930,아시아8호,KOSPI,2015-02-17,신청에 의한 상장폐지,Y
000420,로케트전기,KOSPI,2015-02-24,감사의견 의견거절,Y
149130,케이비부국위탁리츠,KOSPI,2015-03-02,감사의견 부적정,Y
082240,아시아5호,KOSPI,2015-03-13,신청에 의한 상장폐지,Y
082250,아시아6호,KOSPI,2015-03-13,신청에 의한 상장폐지,Y
082260,아시아7호,KOSPI,2015-03-13,신청에 의한 상장폐지,Y
101970,우양에이치씨,KOSDAQ,2015-03-17,발행한 어음 또는 수표가 주거래은행에 의하여 최종부도로 결정되거나 거래은행에 의한 거래 정지,Y
004320,울트라건설,KOSDAQ,2015-04-13,자본전액잠식,Y
000360,삼환기업,KOSPI,2015-04-15,자본전액잠식,Y
000800,경남기업,KOSPI,2015-04-15,자본전액잠식,Y
014350,신일건업,KOSPI,2015-04-15,자본전액잠식,Y
181980,힘스인터내셔널,KONEX,2015-04-15,상장폐지 신청('15.03.23),Y
053330,영진코퍼레이션,KOSDAQ,2015-04-23,자본전액잠식,Y
160350,웹솔루스,KONEX,2015-04-30,감사의견 거절(감사범위 제한 및 계속기업 존속능력에 대한 불확실성),Y
179280,스탠다드펌,KONEX,2015-04-30,감사의견 거절(감사범위 제한 및 계속기업 존속능력에 대한 불확실성),Y
065180,해피드림,KOSDAQ,2015-05-04,감사범위제한으로 인한 한정의견,Y
090120,잘만테크,KOSDAQ,2015-05-13,감사의견 거절(계속기업 존속능력에 대한 불확실성 및 감사범위 제한),Y
039530,씨앤케이인터,KOSDAQ,2015-05-19,기업의 계속성 및 경영의 투명성 등을 종합적으로 고려하여 상장폐지기준에 해당한다고 결정,Y
039850,태창파로스,KOSDAQ,2015-05-19,기업의 계속성 및 경영의 투명성 등을 종합적으로 고려하여 상장폐지기준에 해당한다고 결정,Y
066350,티에스엠텍,KOSDAQ,2015-05-20,발행한 어음 또는 수표가 주거래은행에 의하여 최종부도로 결정되거나 거래은행에 의한 거래정지,Y
177350,베셀,KONEX,2015-06-19,코스닥시장 이전상장,N
192520,경남은행,KOSPI,2015-06-23,지주회사(최대주주등)의 완전자회사화 등,N
033630,SK브로드밴드,KOSDAQ,2015-07-01,상장폐지신청('15.6.11),Y
071930,에이스하이텍,KOSDAQ,2015-07-10,감사의견거절(감사범위 제한),Y
010520,현대하이스코,KOSPI,2015-07-15,해산 사유 발생,Y
040670,와이즈파워,KOSDAQ,2015-07-16,자본전액잠식 등,Y
013450,동성하이켐,KOSDAQ,2015-07-20,피흡수합병,N
074130,디아이디,KOSDAQ,2015-07-23,"기업의 계속성, 경영의 투명성 또는 그 밖에 코스닥시장의 건전성 등을 종합적으로 고려하여 상장폐지 기준에 해당한다고 결정",Y
094360,칩스앤미디어,KONEX,2015-08-05,코스닥시장 이전상장,N
003600,SK,KOSPI,2015-08-17,해산 사유 발생,Y
000830,삼성물산,KOSPI,2015-09-15,해산 사유 발생,Y
138440,이코리아리츠,KOSPI,2015-09-16,"기업의 계속성, 경영의 투명성 및 기타 공익과 투자자 보호 등을 종합적으로 고려하여 상장폐지 기준에 해당한다고 결정",Y
068060,KCW,KOSDAQ,2015-09-18,"기업의 계속성, 경영의 투명성 또는 그 밖에 코스닥시장의 건전성 등을 종합적으로 고려하여 상장폐지 기준에 해당한다고 결정",Y
082220,프렉코,KONEX,2015-09-25,지정자문인 선임계약의 해지한 날의 다음날부터 30일이내(2015.09.11限) 지정자문인 선임계약 미체결,Y
053870,GT&T,KOSDAQ,2015-10-15,'14사업연도 자본잠식률 50%이상 사유로 관리종목 지정 후 '15사업연도 반기 감사의견 거절,Y
121550,코크렙15호,KOSPI,2015-10-16,매출액 미달 2년 계속,Y
092870,엑시콘,KONEX,2015-10-22,코스닥시장 이전상장,N
950010,평산차업,KOSPI,2015-11-05,시가총액 미달,Y
185490,아이진,KONEX,2015-11-16,코스닥시장 이전상장,N
127160,매직마이크로,KONEX,2015-11-19,코스닥시장 이전상장,N
180400,엠지메드,KONEX,2015-11-20,코스닥시장 이전상장,N
197210,리드,KONEX,2015-11-20,코스닥시장 이전상장,N
122640,예스티,KONEX,2015-12-16,코스닥시장 이전상장,N
003940,삼양제넥스,KOSPI,2016-01-21,해산 사유 발생,Y
111610,승화프리텍,KOSDAQ,2016-01-25,"기업의 계속성, 경영의 투명성 또는 그 밖에 코스닥시장의 건전성 등을 종합적으로 고려하여 상장폐지 기준에 해당한다고 결정",Y
151750,테라텍,KONEX,2016-02-23,상장폐지 신청('16.02.01),Y
025850,한화화인케미칼,KOSPI,2016-03-15,해산 사유 발생,Y
063840,닉스테크,KONEX,2016-04-12,피흡수합병,N
065270,플렉스컴,KOSDAQ,2016-04-12,자본전액잠식,Y
051310,포스코플랜텍,KOSPI,2016-04-15,자본전액잠식,Y
158380,삼목강업,KOSDAQ,2016-04-21,피흡수합병,N
078780,아이디에스,KOSDAQ,2016-04-28,'14사업연도 자본잠식률 50%이상 사유로 관리종목 지정 후 '15사업연도 반기 감사의견 거절,Y
036220,인포피아,KOSDAQ,2016-05-09,감사의견 거절(감사범위 제한으로 인한 의견거절),Y
086200,제이앤유글로벌,KOSDAQ,2016-05-09,감사의견거절(감사범위 제한),Y
008900,티이씨코,KOSPI,2016-05-17,해산 사유 발생,Y
008020,경남에너지,KOSPI,2016-05-19,신청에 의한 상장폐지,Y
092630,바다로3호,KOSPI,2016-06-13,신청에 의한 상장폐지,Y
148250,알엔투테크놀로지,KONEX,2016-06-22,코스닥시장 이전상장,N
224090,정다운,KONEX,2016-06-29,피흡수합병,N
142760,바이오리더스,KONEX,2016-07-07,코스닥시장 이전상장,N
179440,피엠에스,KONEX,2016-07-07,상장폐지 신청('16.6.14),Y
034830,한국토지신탁,KOSDAQ,2016-07-11,유가증권시장 상장,N
103650,에이치앤아이,KONEX,2016-07-14,최종부도 발생,Y
026960,동서,KOSDAQ,2016-07-15,유가증권시장 상장,N
123010,옵토팩,KONEX,2016-07-20,코스닥시장 이전상장,N
082390,피엘에이,KOSDAQ,2016-07-25,기업의 계속성 및 경영의 투명성 등을 종합적으로 고려하여 상장폐지기준에 해당한다고 결정,Y
207230,디와이엘엔제이,KONEX,2016-07-26,지정자문인 선임계약의 해지한 날의 다음날부터 30일이내(2016.07.12限) 지정자문인 선임계약 미체결,Y
019300,태림페이퍼,KOSPI,2016-08-11,신청에 의한 상장폐지,Y
025270,부산방직,KOSDAQ,2016-08-18,피흡수합병,N
074150,엠제이비,KOSDAQ,2016-09-05,감사의견거절(감사범위 제한),Y
037340,씨엘인터내셔널,KOSDAQ,2016-09-08,2반기 연속 자본잠식률 50% 이상,Y
053810,아이팩토리,KOSDAQ,2016-09-19,감사의견 거절(감사범위 제한 및 기업회계기준 위배),Y
003450,현대증권,KOSPI,2016-11-01,지주회사(최대주주등)의 완전자회사화 등,N
011720,현대페인트,KOSPI,2016-11-21,감사의견 의견거절,Y
220180,핸디소프트,KONEX,2016-11-24,코스닥시장 이전상장,N
156100,엘앤케이바이오,KONEX,2016-11-30,코스닥시장 이전상장,N
220100,퓨쳐켐,KONEX,2016-12-01,코스닥시장 이전상장,N
185280,이푸른,KONEX,2016-12-05,지정자문인 선임계약 해지 후 30일이내 미체결(2016.11.21限),Y
222520,솔트웍스,KONEX,2016-12-05,피흡수합병,N
203450,유니온커뮤니티,KONEX,2016-12-07,코스닥시장 이전상장,N
204990,현성바이탈,KONEX,2016-12-09,코스닥시장 이전상장,N
192240,나이코,KONEX,2016-12-23,상장폐지 신청('16.12.9),Y
104110,신성이엔지,KOSPI,2017-01-02,해산 사유 발생,Y
104120,신성에프에이,KOSPI,2017-01-02,해산 사유 발생,Y
139200,하이골드2호,KOSPI,2017-01-11,신청에 의한 상장폐지,Y
068870,LG생명과학,KOSPI,2017-01-17,해산 사유 발생,Y
037620,미래에셋증권,KOSPI,2017-01-20,해산 사유 발생,Y
144630,씨아이에스,KONEX,2017-01-20,피흡수합병,N
198940,한주금속,KONEX,2017-02-21,상장폐지 신청('17.1.18),Y
060910,프리젠,KOSDAQ,2017-02-24,최근 5사업연도 연속 영업손실 발생,Y
066270,SK컴즈,KOSDAQ,2017-02-27,상장폐지신청('17.02.07),Y
068150,케이엔씨글로벌,KOSDAQ,2017-03-07,기업의 계속성 및 경영의 투명성 등을 종합적으로 고려하여 상장폐지기준에 해당한다고 결정,Y
117930,한진해운,KOSPI,2017-03-07,해산 사유 발생,Y
007190,한솔아트원제지,KOSPI,2017-03-15,해산 사유 발생,Y
063760,이엘피,KONEX,2017-04-06,코스닥시장 이전상장,N
194860,SY이노베이션,KONEX,2017-04-12,감사의견 거절(감사범위제한),Y
052270,우전,KOSDAQ,2017-04-13,자본전액잠식 등,Y
110570,넥솔론,KOSPI,2017-04-17,자본전액잠식,Y
090970,코리아01호,KOSPI,2017-04-25,감사의견 의견거절,Y
090980,코리아02호,KOSPI,2017-04-25,감사의견 의견거절,Y
090990,코리아03호,KOSPI,2017-04-25,감사의견 의견거절,Y
091000,코리아04호,KOSPI,2017-04-25,감사의견 의견거절,Y
058370,비엔씨컴퍼니,KOSDAQ,2017-05-08,감사범위제한으로 인한 한정의견,Y
086830,신양오라컴,KOSDAQ,2017-05-08,감사의견 거절(감사범위 제한 및 계속기업 존속능력에 대한 불확실성),Y
036500,에스에스컴텍,KOSDAQ,2017-05-11,감사의견 거절(감사범위 제한 및 계속기업 존속능력에 대한 불확실성),Y
204440,대우스팩2호,KOSDAQ,2017-05-29,상장예비심사 청구서 미제출로 관리종목 지정 후 1개월 이내 동 사유 미해소,Y
165270,금오하이텍,KONEX,2017-06-07,최종부도 발생,Y
083350,동북아10호선박투자,KOSPI,2017-06-14,신청에 의한 상장폐지,Y
083360,동북아11호선박투자,KOSPI,2017-06-14,신청에 의한 상장폐지,Y
083390,동북아14호선박투자,KOSPI,2017-06-14,신청에 의한 상장폐지,Y
083570,아시아10호,KOSPI,2017-06-15,신청에 의한 상장폐지,Y
083580,아시아퍼시픽11호,KOSPI,2017-06-15,신청에 의한 상장폐지,Y
083590,아시아퍼시픽12호,KOSPI,2017-06-15,신청에 의한 상장폐지,Y
083600,아시아퍼시픽13호,KOSPI,2017-06-15,신청에 의한 상장폐지,Y
204760,현대에이블스팩1호,KOSDAQ,2017-06-15,상장예비심사 청구서 미제출로 관리종목 지정 후 1개월 이내 동 사유 미해소,Y
083610,아시아퍼시픽14호,KOSPI,2017-06-20,신청에 의한 상장폐지,Y
004740,보루네오가구,KOSPI,2017-07-05,"기업의 계속성, 경영의 투명성 및 기타 공익과 투자자 보호 등을 종합적으로 고려하여 상장폐지 기준에 해당한다고 결정",Y
204650,케이티비스팩1호,KOSDAQ,2017-07-07,상장예비심사 청구서 미제출로 관리종목 지정 후 1개월 이내 동 사유 미해소,Y
035720,카카오,KOSDAQ,2017-07-10,유가증권시장 상장,N
156170,비앤에스미디어,KONEX,2017-07-13,지정자문인 선임계약 해지 후 30일이내 미체결(2017.6.29限),Y
002550,KB손해보험,KOSPI,2017-07-21,지주회사(최대주주등)의 완전자회사화 등,N
021960,KB캐피탈,KOSPI,2017-07-21,지주회사(최대주주등)의 완전자회사화 등,N
232360,아스팩오일,KONEX,2017-07-25,지정자문인 선임계약 해지 후 30일이내 미체결(2017.07.11限),Y
900130,웨이포트,KOSDAQ,2017-07-25,상장폐지 신청('17.06.22),Y
083620,아시아퍼시픽15호,KOSPI,2017-07-31,존속기간 만료,Y
208870,하나머스트3호스팩,KOSDAQ,2017-07-31,상장예비심사 청구서 미제출로 관리종목 지정 후 1개월 이내 동 사유 미해소,Y
204690,다린,KONEX,2017-08-02,상장폐지 신청('17.07.28),Y
005620,대성합동지주,KOSPI,2017-08-25,해산 사유 발생,Y
189700,디피앤케이,KONEX,2017-08-31,지정자문인 선임계약 해지 후 30일이내 미체결(2017.08.17限),Y
256940,케이피에스,KONEX,2017-09-06,코스닥시장 이전상장,N
095300,엔에스브이,KOSDAQ,2017-09-12,"감사의견 거절(내부회계관리제도상의 취약점, 계속기업가정의 불확실성 및 재고자산 관련 감사범위 제한)",Y
085980,세화피앤씨,KONEX,2017-09-19,피흡수합병,N
900050,중국원양자원,KOSPI,2017-09-27,감사의견 의견거절,Y
061460,한진피앤씨,KOSDAQ,2017-09-29,피흡수합병,N
207720,엔에이치SL스팩,KOSDAQ,2017-10-16,상장예비심사 청구서 미제출로 관리종목 지정 후 1개월 이내 동 사유 미해소,Y
206660,골든브릿지제2호스팩,KOSDAQ,2017-10-20,상장예비심사 청구서 미제출로 관리종목 지정 후 1개월 이내 동 사유 미해소,Y
234100,세원,KONEX,2017-10-20,코스닥시장 이전상장,N
207930,SK1호스팩,KOSDAQ,2017-11-06,상장예비심사 청구서 미제출로 관리종목 지정 후 1개월 이내 동 사유 미해소,Y
148140,비디아이,KONEX,2017-11-09,코스닥시장 이전상장,N
260490,캐로스,KONEX,2017-11-29,지정자문인 선임계약 해지 후 30일이내 미체결(2017.11.15限),Y
023430,아이이,KOSDAQ,2017-12-20,기업의 계속성 및 경영의 투명성 등을 종합적으로 고려하여 상장폐지기준에 해당한다고 결정,Y
232290,SGA시스템즈,KONEX,2017-12-22,피흡수합병,N
215580,대우스팩3호,KOSDAQ,2017-12-26,상장예비심사 청구서 미제출로 관리종목 지정 후 1개월 이내 동 사유 미해소,Y
233190,미래자원엠엘,KONEX,2017-12-28,피흡수합병,N
215750,미래에셋제3호스팩,KOSDAQ,2018-01-04,상장예비심사 청구서 미제출로 관리종목 지정 후 1개월 이내 동 사유 미해소,Y
217810,엔에이치스팩7호,KOSDAQ,2018-01-19,상장예비심사 청구서 미제출로 관리종목 지정 후 1개월 이내 동 사유 미해소,Y
219420,링크제니시스,KONEX,2018-02-05,코스닥시장 이전상장,N
219580,골든브릿지제3호스팩,KOSDAQ,2018-02-07,상장예비심사 청구서 미제출로 관리종목 지정 후 1개월 이내 동 사유 미해소,Y
068270,셀트리온,KOSDAQ,2018-02-09,유가증권시장 상장,N
154030,아시아종묘,KONEX,2018-02-12,코스닥시장 이전상장,N
256090,패션플랫폼,KONEX,2018-02-13,피흡수합병,N
218710,키움스팩3호,KOSDAQ,2018-02-14,상장예비심사 청구서 미제출로 관리종목 지정 후 1개월 이내 동 사유 미해소,Y
183490,엔지켐생명과학,KONEX,2018-02-21,코스닥시장 이전상장,N
226400,오스테오닉,KONEX,2018-02-22,코스닥시장 이전상장,N
219960,유안타제2호스팩,KOSDAQ,2018-02-23,상장예비심사 청구서 미제출로 관리종목 지정 후 1개월 이내 동 사유 미해소,Y
219860,한화에이스스팩2호,KOSDAQ,2018-03-02,상장예비심사 청구서 미제출로 관리종목 지정 후 1개월 이내 동 사유 미해소,Y
039790,위노바,KOSDAQ,2018-03-09,기업의 계속성 및 경영의 투명성 등을 종합적으로 고려하여 상장폐지기준에 해당한다고 결정,Y
222390,케이비제8호스팩,KOSDAQ,2018-03-13,상장예비심사 청구서 미제출로 관리종목 지정 후 1개월 이내 동 사유 미해소,Y
051170,썬코어,KOSDAQ,2018-03-15,'16사업연도 감사의견거절(계속기업 존속능력에 대한 불확실성) 및 '17사업연도 반기 감사의견거절(계속기업 존속능력에 대한 불확실성),Y
008000,도레이케미칼,KOSPI,2018-03-20,지주회사(최대주주등)의 완전자회사화 등,N
199870,세기리텍,KONEX,2018-03-28,지정자문인 선임계약 해지후 30일이내 미체결(18.3.14限),Y
221950,케이비드림3호스팩,KOSDAQ,2018-03-30,상장예비심사 청구서 미제출로 관리종목 지정 후 1개월 이내 동 사유 미해소,Y
223040,교보5호스팩,KOSDAQ,2018-03-30,상장예비심사 청구서 미제출로 관리종목 지정 후 1개월 이내 동 사유 미해소,Y
221200,유진스팩3호,KOSDAQ,2018-04-17,상장예비심사 청구서 미제출로 관리종목 지정 후 1개월 이내 동 사유 미해소,Y
091270,유디피,KONEX,2018-04-18,지정자문인 선임계약 해지 후 30일이내 미체결(2018.04.04限),Y
252940,에스엠로보틱스,KONEX,2018-04-25,감사의견 거절(감사범위 제한 및 계속기업 존속능력에 대한 불확실성),Y
099830,씨그널엔터테인먼트그룹,KOSDAQ,2018-05-04,감사의견거절(감사범위 제한),Y
087220,스틸플라워,KOSDAQ,2018-05-08,감사의견거절(감사범위 제한 및 계속기업 존속능력에 대한 불확실성),Y
235090,태경피엔에스,KONEX,2018-05-09,감사의견 거절(감사범위 제한),Y
246830,시냅스엠,KONEX,2018-05-14,감사의견 거절(계속기업 존속능력에 대한 불확실성),Y
900180,완리,KOSDAQ,2018-05-23,감사의견거절(감사범위 제한),Y
225440,이베스트스팩3호,KOSDAQ,2018-05-28,상장예비심사 청구서 미제출로 관리종목 지정 후 1개월 이내 동 사유 미해소,Y
226850,키움스팩4호,KOSDAQ,2018-06-05,상장예비심사 청구서 미제출로 관리종목 지정 후 1개월 이내 동 사유 미해소,Y
099660,신텍,KOSDAQ,2018-07-09,발행한 어음 또는 수표가 주거래은행에 의하여 최종부도로 결정되거나 거래은행에 의한 거래정지,Y
024660,하림홀딩스,KOSDAQ,2018-07-16,피흡수합병,N
090730,SIMPAC Metal,KOSDAQ,2018-07-17,피흡수합병,N
130960,CJ E&M,KOSDAQ,2018-07-18,피흡수합병,N
230490,동부제4호스팩,KOSDAQ,2018-07-26,상장예비심사 청구서 미제출로 관리종목 지정 후 1개월 이내 동 사유 미해소,Y
144740,피엠디아카데미,KONEX,2018-08-07,지정자문인 선임계약 해지 후 30일이내 미체결(2018.07.24限),Y
043580,에임하이,KOSDAQ,2018-08-10,감사의견거절(감사범위 제한),Y
138290,지성이씨에스,KONEX,2018-08-22,상장폐지 신청('18.7.19),Y
173130,오파스넷,KONEX,2018-08-24,코스닥시장 이전상장,N
197140,디지캡,KONEX,2018-09-07,코스닥시장 이전상장,N
251540,에스와이제이,KONEX,2018-09-07,감사의견 거절(감사범위 제한),Y
062580,인산가,KONEX,2018-09-11,피흡수합병,N
016170,카카오M,KOSDAQ,2018-09-18,피흡수합병,N
219750,지티지웰니스,KONEX,2018-09-21,코스닥시장 이전상장,N
237720,케이엠제약,KONEX,2018-09-28,피흡수합병,N
005980,성지건설,KOSPI,2018-10-04,감사의견 의견거절,Y
026260,위너지스,KOSDAQ,2018-10-11,감사의견거절(감사범위 제한),Y
032040,C&S자산관리,KOSDAQ,2018-10-11,감사의견거절(범위제한 및 계속기업 존속능력에 대한 불확실성),Y
047440,레이젠,KOSDAQ,2018-10-11,감사의견거절(감사범위 제한 및 계속기업 존속능력에 대한 불확실성),Y
052290,트레이스,KOSDAQ,2018-10-11,감사의견거절(감사범위 제한),Y
081970,넥스지,KOSDAQ,2018-10-11,감사의견거절(감사범위제한),Y
110660,세신버팔로,KONEX,2018-10-11,지정자문인 선임계약 해지 후 30일이내 미체결(2018.9.20限),Y
155960,지디,KOSDAQ,2018-10-12,감사의견 거절(감사범위 제한),Y
194610,우성아이비,KOSDAQ,2018-10-12,감사의견거절(감사범위 제한 및 계속기업 존속능력에 대한 불확실성),Y
232270,케이비제9호스팩,KOSDAQ,2018-10-12,상장예비심사 청구서 미제출로 관리종목 지정 후 1개월 이내 동 사유 미해소,Y
235010,하이에이아이1호스팩,KOSDAQ,2018-10-12,상장예비심사 청구서 미제출로 관리종목 지정 후 1개월 이내 동 사유 미해소,Y
192530,광주은행,KOSPI,2018-10-26,지주회사(최대주주등)의 완전자회사화 등,N
242420,본느,KONEX,2018-10-29,피흡수합병,N
272420,극동자동화,KONEX,2018-11-15,상장폐지 신청('18.11.5),Y
167380,나무기술,KONEX,2018-12-11,피흡수합병,N
002000,한국유리공업,KOSPI,2018-12-13,신청에 의한 상장폐지,Y
004130,대덕GDS,KOSPI,2018-12-19,해산 사유 발생,Y
900090,차이나하오란,KOSDAQ,2019-01-02,제28조제1항제9호에 따라 관리종목 지정 후 공시규정 제19조 제1항에 따른 분기보고서 법정기한 내 미제출,Y
240540,한국4호스팩,KOSDAQ,2019-01-29,상장예비심사 청구서 미제출로 관리종목 지정 후 1개월 이내 동 사유 미해소,Y
000030,우리은행,KOSPI,2019-02-13,지주회사(최대주주등)의 완전자회사화 등,N
123100,원익테라세미콘,KOSDAQ,2019-02-20,피흡수합병,N
245030,스페이스솔루션,KONEX,2019-02-27,상장폐지 신청('19.1.25),Y
250300,제이에스피브이,KONEX,2019-03-04,지정자문인 선임계약 해지 후 30일이내 미체결(2019.2.1 限),Y
192080,더블유게임즈,KOSDAQ,2019-03-12,유가증권시장 상장,N
228760,지노믹트리,KONEX,2019-03-27,코스닥시장 이전상장,N
065160,에프티이앤이,KOSDAQ,2019-05-03,감사의견 거절(감사범위 제한),Y
140890,트러스제7호,KOSPI,2019-05-07,해산 사유 발생,Y
002250,알보젠코리아,KOSPI,2019-05-20,지주회사(최대주주등)의 완전자회사화 등,N
242850,영현무역,KONEX,2019-05-22,지정자문인 선임계약 해지 후 30일 이내 미체결(2019.5.8 限),Y
253840,수젠텍,KONEX,2019-05-28,코스닥시장 이전상장,N
003670,포스코케미칼,KOSDAQ,2019-05-29,유가증권시장 상장,N
229480,줌인터넷,KONEX,2019-06-10,피흡수합병,N
079660,사조해표,KOSPI,2019-06-26,해산 사유 발생,Y
262760,엔케이맥스,KONEX,2019-07-04,피흡수합병,N
176560,포인트엔지니어링,KONEX,2019-07-16,피흡수합병,N
221670,주노콜렉션,KONEX,2019-07-16,지정자문인 선임계약 해지 후 30일 이내 미체결(2019.7.2 限),Y
026180,현대정보기술,KOSDAQ,2019-07-17,피흡수합병,N
186230,그린플러스,KONEX,2019-08-07,코스닥시장 이전상장,N
232330,SK3호스팩,KOSDAQ,2019-08-30,상장예비심사 청구서 미제출로 관리종목 지정 후 1개월 이내 동 사유 미해소,Y
225650,쿠첸,KOSDAQ,2019-09-16,타법인의 완전자회사로 편입,N
257730,신한제3호스팩,KOSDAQ,2019-10-01,상장예비심사 청구서 미제출로 관리종목 지정 후 1개월 이내 동 사유 미해소,Y
271400,알로이스,KONEX,2019-10-01,피흡수합병,N
135270,세종머티리얼즈,KONEX,2019-10-02,파산선고에 따른 해산사유 발생,Y
262830,대신밸런스제4호스팩,KOSDAQ,2019-10-10,상장예비심사 청구서 미제출로 관리종목 지정 후 1개월 이내 동 사유 미해소,Y
036420,제이콘텐트리,KOSDAQ,2019-10-18,유가증권시장 상장,N
279600,미디어젠,KONEX,2019-11-05,코스닥시장 이전상장,N
230400,자비스,KONEX,2019-11-15,피흡수합병,N
017680,데코앤이,KOSDAQ,2019-11-20,발행한 어음 또는 수표가 주거래은행에 의하여 최종부도로 결정되거나 거래은행에 의한 거래정지,Y
226610,한국비엔씨,KONEX,2019-12-03,피흡수합병,N
247300,인프라웨어테크놀러지,KONEX,2019-12-06,피흡수합병,N
264290,한화에이스스팩3호,KOSDAQ,2019-12-06,상장예비심사 청구서 미제출로 관리종목 지정 후 1개월 이내 동 사유 미해소,Y
302550,리메드,KONEX,2019-12-06,코스닥시장 이전상장,N
035480,제이테크놀로지,KOSDAQ,2019-12-12,기업의 계속성 및 경영의 투명성 등을 종합적으로 고려하여 상장폐지기준에 해당한다고 결정,Y
122050,아이엘사이언스,KONEX,2019-12-27,피흡수합병,N
210610,소프트캠프,KONEX,2019-12-30,피흡수합병,N
265480,미래에셋대우스팩1호,KOSDAQ,2020-01-03,상장예비심사 청구서 미제출로 관리종목 지정 후 1개월 이내 동 사유 미해소,Y
265920,한화수성스팩,KOSDAQ,2020-01-15,상장예비심사 청구서 미제출로 관리종목 지정후 1개월 이내 동사유를 미해소,Y
077280,한컴지엠디,KOSDAQ,2020-01-16,피흡수합병,N
065370,위세아이텍,KONEX,2020-02-10,코스닥시장 이전상장,N
122800,썬텍,KOSDAQ,2020-02-12,기업의 계속성 및 경영의 투명성 등을 종합적으로 고려하여 상장폐지기준에 해당한다고 결정,Y
079440,오렌지라이프,KOSPI,2020-02-14,지주회사(최대주주등)의 완전자회사화 등,N
252370,유쎌,KONEX,2020-02-27,지정자문인 선임계약 해지 후 30일 이내 미체결(2020.2.13 限),Y
311840,대원모방,KONEX,2020-02-27,지정자문인 선임계약 해지 후 30일 이내 미체결(2020.2.13 限),Y
271740,한국제5호스팩,KOSDAQ,2020-03-03,상장예비심사 청구서 미제출로 관리종목 지정 후 1개월 이내 동 사유 미해소,Y
011160,두산건설,KOSPI,2020-03-24,지주회사(최대주주등)의 완전자회사화 등,N
123260,파인넥스,KOSDAQ,2020-04-10,"제28조제1항제9호에 따라 관리종목 지정 후 공시규정 제19조제1항에 따른 사업보고서 법정제출기한 내 미제출, 최근 2년간 3회 이상 공시규정 제19조제1항의 규정에 의한 사업보고서, 반기보고서 또는 분기보고서 법정제출기한 내 미제출",Y
220110,드림티엔터테인먼트,KONEX,2020-04-10,사업보고서 법정제출기한('20.3.30限)내 미제출,Y
027390,한화갤러리아타임월드,KOSPI,2020-04-16,지주회사(최대주주등)의 완전자회사화 등,N
159650,하이골드8호,KOSPI,2020-04-27,감사의견 부적정,Y
083380,동북아13호선박투자,KOSPI,2020-05-04,존속기간 만료,Y
189540,씨티네트웍스,KONEX,2020-05-12,감사의견 거절(계속기업 존속능력에 대한 불확실성),Y
205290,케미메디,KONEX,2020-05-13,외부감사인의 감사의견 의견거절(감사범위 제한),Y
197210,리드,KOSDAQ,2020-05-14,기업의 계속성 및 경영의 투명성 등을 종합적으로 고려하여 상장폐지기준에 해당한다고 결정,Y
030270,에스마크,KOSDAQ,2020-05-21,감사의견거절(감사범위제한 및 계속기업 존속 불확실),Y
054340,피앤텔,KOSDAQ,2020-05-21,감사의견 거절(감사범위 제한 및 계속기업 존속능력에 대한 불확실성),Y
094190,이엘케이,KOSDAQ,2020-05-22,감사의견 거절(감사범위 제한 및 계속기업 존속능력에 대한 불확실성),Y
900040,차이나그레이트,KOSDAQ,2020-05-22,"법정제출기한까지 사업보고서를 제출하지 아니한 후, 법정제출기한의 다음날부터 10일이내에 사업보고서를 제출하지 아니함",Y
103130,웅진에너지,KOSPI,2020-06-01,감사의견 의견거절 2년 계속,Y
220250,카이노스메드,KONEX,2020-06-08,피흡수합병,N
183350,LPK로보틱스,KONEX,2020-06-17,"외부감사인의 감사의견 거절(감사범위 제한), 감사의견 한정(감사범위 제한)",Y
276920,IBKS제7호스팩,KOSDAQ,2020-06-18,상장예비심사 청구서 미제출로 관리종목 지정 후 1개월 이내 동 사유 미해소,Y
083370,동북아12호선박투자,KOSPI,2020-06-23,존속기간 만료,Y
229000,젠큐릭스,KONEX,2020-06-25,코스닥시장 이전상장,N
005450,신한,KOSPI,2020-06-30,감사의견 의견거절 2년 계속,Y
112240,에스에프씨,KOSDAQ,2020-06-30,감사의견 거절(감사범위 제한),Y
099340,하나니켈1호,KOSPI,2020-07-01,존속기간 만료,Y
099350,하나니켈2호,KOSPI,2020-07-01,존속기간 만료,Y
134780,화진,KOSDAQ,2020-07-02,감사의견거절(감사범위제한),Y
279410,한화에이스스팩4호,KOSDAQ,2020-07-03,상장예비심사 청구서 미제출로 관리종목 지정 후 1개월 이내 동 사유 미해소,Y
149940,모다,KOSDAQ,2020-07-10,감사의견거절(감사범위 제한),Y
002300,한국제지,KOSPI,2020-07-13,해산 사유 발생,Y
108790,인터파크,KOSDAQ,2020-07-16,피흡수합병,N
004200,고려개발,KOSPI,2020-07-21,해산 사유 발생,Y
277880,티에스아이,KONEX,2020-07-22,코스닥시장 이전상장,N
225220,제놀루션,KONEX,2020-07-24,코스닥시장 이전상장,N
281410,한국제6호스팩,KOSDAQ,2020-07-27,상장예비심사 청구서 미제출로 관리종목 지정 후 1개월 이내 동 사유 미해소,Y
101360,이엔드디,KONEX,2020-07-30,코스닥시장 이전상장,N
065940,바이오빌,KOSDAQ,2020-07-31,감사의견 거절(감사범위 제한 및 계속기업 존속능력에 대한 불확실성),Y
228180,티씨엠생명과학,KONEX,2020-08-07,포괄적 주식교환에 따른 상장폐지 신청('20.7.17),N
204990,코썬바이오,KOSDAQ,2020-08-11,기업의 계속성 및 경영의 투명성 등을 종합적으로 고려하여 상장폐지기준에 해당한다고 결정,Y
277480,신한제4호스팩,KOSDAQ,2020-08-20,상장예비심사 청구서 미제출로 관리종목 지정 후 1개월 이내 동 사유 미해소,Y
194510,파티게임즈,KOSDAQ,2020-09-09,감사의견거절(감사범위 제한),Y
126340,비나텍,KONEX,2020-09-23,코스닥시장 이전상장,N
214610,미코바이오메드,KONEX,2020-10-22,코스닥시장 이전상장,N
271780,비엔에프코퍼레이션,KONEX,2020-11-05,상장폐지 신청('20.10.13),Y
064850,에프앤가이드,KONEX,2020-12-17,코스닥시장 이전상장,N
152330,코리아오토글라스,KOSPI,2020-12-18,해산 사유 발생,Y
057500,SKC 솔믹스,KOSDAQ,2020-12-23,타법인의 완전자회사로 편입,N
314130,지놈앤컴퍼니,KONEX,2020-12-23,코스닥시장 이전상장,N
251960,엠에프엠코리아,KONEX,2020-12-30,피흡수합병,N
284610,TS트릴리온,KONEX,2020-12-30,피흡수합병,N
291210,한국제7호스팩,KOSDAQ,2021-01-15,상장예비심사 청구서 미제출로 관리종목 지정 후 1개월 이내 동사유 미해소,Y
241510,이에스산업,KONEX,2021-01-26,지정자문인 선임계약 해지 후 30일 이내 미체결(2021.1.13 限),Y
278380,원바이오젠,KONEX,2021-02-09,피흡수합병,N
036260,이매진아시아,KOSDAQ,2021-02-15,기업의 계속성 및 경영의 투명성 등을 종합적으로 고려하여 상장폐지기준에 해당,Y
239890,피엔에이치테크,KONEX,2021-02-16,코스닥시장 이전상장,N
189330,씨이랩,KONEX,2021-02-24,코스닥시장 이전상장,N
028040,미래SCI,KOSDAQ,2021-04-13,"최근 2년간 3회 이상 공시규정 제19조제1항의 규정에 의한 사업보고서, 반기보고서 또는 분기보고서 법정제출기한 내 미제출",Y
329050,구스앤홈,KONEX,2021-04-13,사업보고서 법정제출기한('21.3.31限)내 미제출,Y
005190,동성화학,KOSPI,2021-04-16,해산 사유 발생,Y
023890,한국아트라스비엑스,KOSDAQ,2021-04-19,피흡수합병,N
102210,에이치디,KOSDAQ,2021-04-19,기업의 계속성 및 경영의 투명성 등을 종합적으로 고려하여 상장폐지기준에 해당한다고 결정,Y
120780,전우정밀,KONEX,2021-05-06,분산요건 미달,Y
224880,SGA클라우드서비스,KONEX,2021-05-06,분산요건 미달,Y
073070,에이팸,KOSDAQ,2021-06-04,기업의 계속성 및 경영의 투명성 등을 종합적으로 고려하여 상장폐지기준에 해당,Y
008800,행남사,KOSDAQ,2021-06-07,기업의 계속성 및 경영의 투명성 등을 종합적으로 고려하여 상장폐지기준에 해당한다고 결정,Y
195440,퓨전,KOSDAQ,2021-06-10,감사의견 거절(감사범위 제한 및 계속기업 존속능력에 대한 불확실성),Y
226350,아이엠텍,KOSDAQ,2021-06-11,감사의견 거절(감사범위 제한),Y
900080,에스앤씨엔진그룹,KOSDAQ,2021-06-14,"법정제출기한까지 사업보고서를 제출하지 아니한 후, 법정제출기한의 다음날부터 10일이내에 사업보고서를 제출하지 아니함",Y
232680,라온테크,KONEX,2021-06-17,코스닥시장 이전상장,N
097520,엠씨넥스,KOSDAQ,2021-07-06,유가증권시장 상장,N
307160,하나머스트제6호스팩,KOSDAQ,2021-07-08,상장예비심사 청구서 미제출로 관리종목 지정 후 1개월 이내 동사유 미해소,Y
307070,SK4호스팩,KOSDAQ,2021-07-13,상장예비심사 청구서 미제출로 관리종목 지정 후 1개월 이내 동사유 미해소,Y
028150,GS홈쇼핑,KOSDAQ,2021-07-16,피흡수합병,N
043290,케이맥,KOSDAQ,2021-07-20,피흡수합병,N
284420,휴럼,KONEX,2021-07-27,피흡수합병,N
270660,에브리봇,KONEX,2021-07-28,코스닥시장 이전상장,N
311270,키움제5호스팩,KOSDAQ,2021-08-02,상장예비심사 청구서 미제출로 관리종목 지정 후 1개월 이내 동사유 미해소,Y
065620,제낙스,KOSDAQ,2021-08-09,감사의견 거절(감사범위 제한 및 계속기업 존속능력에 대한 불확실성),Y
178920,PI첨단소재,KOSDAQ,2021-08-09,유가증권시장 상장,N
033600,럭슬,KOSDAQ,2021-08-11,감사의견 거절(감사범위 제한),Y
058970,엠로,KONEX,2021-08-13,코스닥시장 이전상장,N
038160,팍스넷,KOSDAQ,2021-08-23,감사의견 거절(감사범위 제한 및 계속기업 존속능력에 대한 불확실성),Y
033660,우리금융캐피탈,KOSPI,2021-08-27,지주회사(최대주주등)의 완전자회사화 등,N
086250,이노와이즈,KOSDAQ,2021-08-31,감사의견 거절(감사범위 제한),Y
354230,폭스소프트,KONEX,2021-09-01,지정자문인 선임계약 해지 후 30일 이내 미체결(2021.8.18 限),Y
033430,디에스티,KOSDAQ,2021-09-02,감사의견 한정(감사범위 제한),Y
203400,에이비온,KONEX,2021-09-08,코스닥시장 이전상장,N
080440,에스제이케이,KOSDAQ,2021-09-13,해산사유 발생(파산선고),Y
141070,맥스로텍,KOSDAQ,2021-09-16,발행한 어음 또는 수표가 주거래은행에 의하여 최종부도로 결정되거나 거래은행에 의한 거래정지,Y
310840,엔에이치스팩13호,KOSDAQ,2021-09-23,상장예비심사청구서 미제출,Y
260970,에스앤디,KONEX,2021-09-29,코스닥시장 이전상장,N
111820,지유온,KOSDAQ,2021-09-30,기업의 계속성 및 경영의 투명성 등을 종합적으로 고려하여 상장폐지기준에 해당한다고 결정,Y
213090,미래테크놀로지,KOSDAQ,2021-10-05,피흡수합병,N
039230,에이아이비트,KOSDAQ,2021-10-06,감사의견 거절(감사범위 제한),Y
033110,코너스톤네트웍스,KOSDAQ,2021-10-08,감사의견 거절(감사범위 제한 및 계속기업 존속능력에 대한 불확실성),Y
087730,이엠네트웍스,KOSDAQ,2021-10-08,기업의 계속성 및 경영의 투명성 등을 종합적으로 고려하여 상장폐지기준에 해당한다고 결정,Y
317030,케이비17호스팩,KOSDAQ,2021-11-04,상장예비심사 청구서 미제출로 관리종목 지정 후 1개월 이내 동사유 미해소,Y
144620,코오롱머티리얼,KOSPI,2021-11-05,지주회사(최대주주등)의 완전자회사화 등,N
031390,녹십자셀,KOSDAQ,2021-11-17,피흡수합병,N
222160,바이옵트로,KONEX,2021-11-18,코스닥시장 이전상장,N
086080,다이노나,KONEX,2021-11-22,피흡수합병,N
313750,유안타제4호스팩,KOSDAQ,2021-12-07,상장예비심사 청구서 미제출로 관리종목 지정 후 1개월 이내 동사유 미해소,Y
317320,한화에스비아이스팩,KOSDAQ,2021-12-07,상장예비심사 청구서 미제출로 관리종목 지정 후 1개월 이내 동 사유 미해소,Y
158300,에스에이티이엔지,KONEX,2021-12-09,피흡수합병,N
199800,툴젠,KONEX,2021-12-10,코스닥시장 이전상장,N
045890,GV,KOSDAQ,2021-12-20,해산사유 발생(파산선고),Y
036490,SK머티리얼즈,KOSDAQ,2021-12-27,피흡수합병,N
200350,래몽래인,KONEX,2021-12-30,코스닥시장 이전상장,N
172580,하이골드12호,KOSPI,2022-01-03,신청에 의한 상장폐지,Y
221610,자안바이오,KOSDAQ,2022-01-05,발행한 어음 또는 수표가 주거래은행에 의하여 최종부도로 결정되거나 거래은행에 의한 거래정지,Y
015350,부산도시가스,KOSPI,2022-01-18,지주회사(최대주주등)의 완전자회사화 등,N
101060,SBS미디어홀딩스,KOSPI,2022-01-18,해산 사유 발생,Y
179530,애드바이오텍,KONEX,2022-01-24,코스닥시장 이전상장,N
323940,케이비제18호스팩,KOSDAQ,2022-02-04,상장예비심사 청구서 미제출로 관리종목 지정 후 1개월 이내 동사유 미해소,Y
211050,인카금융서비스,KONEX,2022-02-16,코스닥시장 이전상장,N
323210,이베스트이안스팩1호,KOSDAQ,2022-02-17,상장예비심사 청구서 미제출로 관리종목 지정 후 1개월 이내 동사유 미해소,Y
007630,폴루스바이오팜,KOSPI,2022-02-22,감사의견 의견거절 2년 계속,Y
114570,지스마트글로벌,KOSDAQ,2022-02-23,감사의견 거절(감사범위 제한 및 계속기업 존속능력에 대한 불확실성),Y
327970,케어룸의료산업,KONEX,2022-03-11,상장폐지 신청,Y
225330,씨엠에스에듀,KOSDAQ,2022-03-17,피흡수합병,N
138250,엔에스쇼핑,KOSPI,2022-03-22,지주회사(최대주주등)의 완전자회사화 등,N
329560,상상인이안제2호스팩,KOSDAQ,2022-04-04,상장예비심사 청구서 미제출로 관리종목 지정 후 1개월 이내 동사유 미해소,Y
066110,한프,KOSDAQ,2022-04-06,감사의견 거절(감사범위 제한),Y
153360,하이골드3호,KOSPI,2022-04-11,감사의견 부적정,Y
270020,이십일스토어,KONEX,2022-04-14,사업보고서 법정제출기한('22.3.31限) 내 미제출,Y
041140,넥슨지티,KOSDAQ,2022-04-15,피흡수합병,N
039670,스포츠서울,KOSDAQ,2022-04-20,기업의 계속성 및 경영의 투명성 등을 종합적으로 고려하여 상장폐지기준에 해당한다고 결정,Y
053660,현진소재,KOSDAQ,2022-04-26,감사의견 거절(감사범위 제한 및 계속기업 존속능력에 대한 불확실성),Y
225850,미애부,KONEX,2022-04-27,감사의견 의견거절(감사범위제한 및 계속기업 존속불확실성),Y
225860,엠앤씨생명과학,KONEX,2022-04-27,감사의견 의견거절(감사범위제한 및 계속기업 존속불확실성),Y
330990,케이비제19호스팩,KOSDAQ,2022-05-09,상장예비심사 청구서 미제출로 관리종목 지정 후 1개월 이내 동사유 미해소,Y
240340,인터코스,KONEX,2022-05-17,외부감사인의 감사의견 의견거절,Y
950180,SNK,KOSDAQ,2022-05-18,상장폐지 신청('22.04.14),Y
052190,세영디앤씨,KOSDAQ,2022-05-27,감사의견 거절(감사범위 제한 및 계속기업 존속능력에 대한 불확실성),Y
050320,에스에이치엔엘,KOSDAQ,2022-05-31,감사의견 거절,Y
220630,맘스터치,KOSDAQ,2022-05-31,상장폐지 신청('22.03.30),Y
309900,티티씨디펜스,KONEX,2022-06-16,외부감사인의 감사의견 의견거절,Y
148780,비플라이소프트,KONEX,2022-06-20,코스닥시장 이전상장,N
176440,에이치엔티,KOSDAQ,2022-06-27,기업의 계속성 및 경영의 투명성 등을 종합적을 고려하여 상장폐지기준에 해당한다고 결정,Y
216280,원텍,KONEX,2022-06-30,피흡수합병,N
002270,롯데푸드,KOSPI,2022-07-20,해산 사유 발생,Y
340120,하이제5호스팩,KOSDAQ,2022-07-28,상장예비심사 청구서 미제출로 관리종목 지정 후 1개월 이내 동사유 미해소,Y
053110,소리바다,KOSDAQ,2022-09-07,감사의견 거절(감사범위 제한),Y
127160,매직마이크로,KOSDAQ,2022-09-22,감사의견 거절(감사범위 제한 및 계속기업 존속능력 불확실성),Y
332710,하나금융14호스팩,KOSDAQ,2022-09-26,상장예비심사 청구서 미제출로 관리종목 지정 후 1개월 이내 동사유 미해소,Y
046110,한일네트웍스,KOSDAQ,2022-10-05,상장폐지 신청('22.08.31),Y
067370,선바이오,KONEX,2022-10-05,코스닥시장 이전상장,N
090740,연이비앤티,KOSDAQ,2022-10-17,기업의 계속성 및 경영의 투명성 등을 종합적으로 고려하여 상장폐지기준에 해당한다고 결정,Y
182690,테라셈,KOSDAQ,2022-10-17,감사의견 거절(감사범위 제한),Y
337450,SK5호스팩,KOSDAQ,2022-10-18,피흡수합병(스팩소멸합병),N
340350,SK6호스팩,KOSDAQ,2022-10-18,상장예비심사 청구서 미제출로 관리종목 지정 후 1개월 이내 동 사유 미해소,Y
126870,뉴로스,KOSDAQ,2022-10-26,감사의견 거절(감사범위 제한 및 계속기업 존속능력 불확실성),Y
347140,케이프이에스제4호,KOSDAQ,2022-10-31,상장예비심사 청구서 미제출로 관리종목 지정 후 1개월 이내 동 사유 미해소,Y
108320,LX세미콘,KOSDAQ,2022-11-03,유가증권시장 상장,N
060300,레드로버,KOSDAQ,2022-11-04,기업의 계속성 및 경영의 투명성 등을 종합적을 고려하여 상장폐지기준에 해당한다고 결정,Y
158310,참존글로벌,KOSDAQ,2022-11-09,기업의 계속성 및 경영의 투명성 등을 종합적으로 고려하여 상장폐지기준에 해당한다고 결정,Y
084440,유비온,KONEX,2022-11-18,코스닥시장 이전상장,N
131390,원익피앤이,KOSDAQ,2022-11-29,피흡수합병,N
367460,유안타제7호스팩,KOSDAQ,2022-12-08,피흡수합병(스팩소멸합병),N
217600,켐온,KOSDAQ,2022-12-16,피흡수합병,N
290510,코리아센터,KOSDAQ,2022-12-16,피흡수합병,N
341160,하나금융15호스팩,KOSDAQ,2022-12-23,피흡수합병(스팩소멸합병),N
349720,이베스트스팩5호,KOSDAQ,2022-12-26,상장예비심사 청구서 미제출로 관리종목 지정 후 1개월 이내 동 사유 미해소,Y
329020,오션스톤,KONEX,2022-12-27,지정자문인 선임계약 해지 후 30일 이내 미체결(2022.12.13 限),Y
342550,케이비제20호스팩,KOSDAQ,2022-12-29,피흡수합병(스팩소멸합병),N
064510,유네코,KOSDAQ,2023-01-17,감사의견 거절(감사범위 제한 및 계속기업 존속능력 불확실성),Y
096300,베트남개발1,KOSPI,2023-02-02,해산 사유 발생,Y
344050,신영스팩6호,KOSDAQ,2023-02-17,피흡수합병(스팩소멸합병),N
344860,이노진,KONEX,2023-02-20,코스닥시장 이전상장,N
000060,메리츠화재,KOSPI,2023-02-21,지주회사(최대주주등)의 완전자회사화 등,N
351340,IBKS제13호스팩,KOSDAQ,2023-02-21,상장예비심사 청구서 미제출로 관리종목 지정 후 1개월 이내 동 사유 미해소,Y
343510,하나금융16호스팩,KOSDAQ,2023-03-02,상장예비심사 청구서 미제출로 관리종목 지정 후 1개월 이내 동 사유 미해소,Y
397500,대신밸런스제11호스팩,KOSDAQ,2023-03-09,피흡수합병(스팩소멸합병),N
353070,에이치엠씨제4호스팩,KOSDAQ,2023-03-10,상장예비심사 청구서 미제출로 관리종목 지정 후 1개월 이내 동 사유 미해소,Y
387310,대신밸런스제10호스팩,KOSDAQ,2023-03-16,피흡수합병(스팩소멸합병),N
056000,코원플레이,KOSDAQ,2023-03-30,감사의견 거절(감사범위 제한 및 계속기업가정 불확실성),Y
267810,앙츠,KONEX,2023-04-04,지정자문인 선임계약 해지 후 30일 이내 미체결(2023.3.21 限),Y
271850,다이오진,KONEX,2023-04-12,지정자문인 선임계약 해지 후 30일 이내 미체결(2023.3.29 限),Y
058420,제이웨이,KOSDAQ,2023-04-14,감사의견 거절(감사범위 제한 및 계속기업가정 불확실성),Y
267060,명진홀딩스,KONEX,2023-04-18,지정자문인 선임계약 해지 후 30일 이내 미체결(2023.4.4 限),Y
100090,SK오션플랜트,KOSDAQ,2023-04-19,유가증권시장 상장,N
426670,대신밸런스제12호스팩,KOSDAQ,2023-04-20,피흡수합병(스팩소멸합병),N
215050,비엔디생활건강,KONEX,2023-04-21,감사의견 의견거절(감사범위제한),Y
008560,메리츠증권,KOSPI,2023-04-25,지주회사(최대주주등)의 완전자회사화 등,N
393210,토마토시스템,KONEX,2023-04-27,코스닥시장 이전상장,N
396770,엔에이치스팩22호,KOSDAQ,2023-04-28,피흡수합병(스팩소멸합병),N
135160,무송지오씨,KONEX,2023-05-02,발행한 어음 또는 수표가 주거래은행에 의하여 최종부도로 결정되거나 거래은행에 의한 거래정지,Y
050540,엠피씨플러스,KOSDAQ,2023-05-08,감사의견 거절(감사범위 제한),Y
140290,청광건설,KONEX,2023-05-08,상장폐지 신청,Y
353490,미래에셋대우스팩 5호,KOSDAQ,2023-05-17,상장예비심사 청구서 미제출로 관리종목 지정 후 1개월 이내 동 사유 미해소,Y
388220,하나금융19호스팩,KOSDAQ,2023-05-23,피흡수합병(스팩소멸합병),N
281310,바이오시네틱스,KONEX,2023-06-12,외부감사인의 감사의견 의견거절,Y
285770,라이프사이언스테크놀로지,KONEX,2023-06-12,외부감사인의 감사의견 의견거절,Y
303360,프로테옴텍,KONEX,2023-06-16,코스닥시장 이전상장,N
090460,비에이치,KOSDAQ,2023-06-20,유가증권시장 상장,N
232830,시큐센,KONEX,2023-06-29,코스닥시장 이전상장,N
096640,멜파스,KOSDAQ,2023-07-17,기업의 계속성 및 경영의 투명성 등을 종합적으로 고려하여 상장폐지기준에 해당한다고 결정,Y
367340,DB금융스팩8호,KOSDAQ,2023-07-17,상장예비심사 청구서 미제출로 관리종목 지정 후 1개월 이내 동 사유 미해소,Y
078650,지나인제약,KOSDAQ,2023-07-21,감사의견 거절(감사범위 제한 및 계속기업가정 불확실성),Y
030190,NICE평가정보,KOSDAQ,2023-08-08,유가증권시장 상장,N
348840,데이드림엔터,KONEX,2023-08-10,상장폐지 신청,Y
048260,오스템임플란트,KOSDAQ,2023-08-14,상장폐지 신청('23.06.28),Y
210120,빅텐츠,KONEX,2023-08-17,코스닥시장 이전상장,N
010050,우리종금,KOSPI,2023-08-28,지주회사(최대주주등)의 완전자회사화 등,N
298870,우리벤처파트너스,KOSDAQ,2023-08-28,타법인의 완전자회사로 편입,N
409570,한국제10호스팩,KOSDAQ,2023-08-31,피흡수합병(스팩소멸합병),N
367480,유안타제8호스팩,KOSDAQ,2023-09-08,피흡수합병(스팩소멸합병),N
242350,피엔아이컴퍼니,KONEX,2023-09-18,지정자문인 선임계약 해지 후 30일 이내 미체결(2023.9.4 限),Y
366330,신한제7호스팩,KOSDAQ,2023-09-18,피흡수합병(스팩소멸합병),N
400560,하나금융20호스팩,KOSDAQ,2023-09-19,피흡수합병(스팩소멸합병),N
353060,에이치엠씨제5호스팩,KOSDAQ,2023-09-22,상장예비심사 청구서 미제출로 관리종목 지정 후 1개월 이내 동 사유 미해소,Y
069110,코스온,KOSDAQ,2023-10-20,감사의견 거절(감사범위 제한),Y
246250,에스엘에스바이오,KONEX,2023-10-20,코스닥시장 이전상장,N
085370,루트로닉,KOSDAQ,2023-10-27,타법인의 완전자회사로 편입,N
221800,유투바이오,KONEX,2023-11-02,코스닥시장 이전상장,N
405350,IBKS제17호스팩,KOSDAQ,2023-11-03,피흡수합병(스팩소멸합병),N
440200,케이비제23호스팩,KOSDAQ,2023-11-03,피흡수합병(스팩소멸합병),N
015540,에코바이브,KOSPI,2023-11-07,감사의견 의견거절 2년 계속,Y
155900,바다로19호,KOSPI,2023-11-24,신청에 의한 상장폐지,Y
367360,DB금융스팩9호,KOSDAQ,2023-11-24,피흡수합병(스팩소멸합병),N
138690,엘아이에스,KOSDAQ,2023-12-06,기업의 계속성 및 경영의 투명성 등을 종합적으로 고려하여 상장폐지기준에 해당한다고 결정,Y
373340,유진스팩6호,KOSDAQ,2023-12-13,상장예비심사 청구서 미제출로 관리종목 지정 후 1개월 이내 동 사유 미해소,Y
046140,SBS콘텐츠허브,KOSDAQ,2023-12-18,타법인의 완전자회사로 편입,N
450410,엔에이치스팩28호,KOSDAQ,2023-12-21,피흡수합병(스팩소멸합병),N
377630,삼성스팩4호,KOSDAQ,2023-12-27,상장예비심사 청구서 미제출로 관리종목 지정 후 1개월 이내 동 사유 미해소,Y
022100,포스코DX,KOSDAQ,2024-01-02,유가증권시장 상장,N
380440,엔에이치스팩19호,KOSPI,2024-01-02,SPAC 상장예비심사청구서 미제출 등,Y
141020,디에스앤엘,KOSDAQ,2024-01-03,기업의 계속성 및 경영의 투명성 등을 종합적으로 고려하여 상장폐지기준에 해당한다고 결정,Y
404950,디비금융스팩10호,KOSDAQ,2024-01-04,피흡수합병(스팩소멸합병),N
091990,셀트리온헬스케어,KOSDAQ,2024-01-12,피흡수합병,N
380320,삼성머스트스팩5호,KOSDAQ,2024-01-23,상장예비심사 청구서 미제출로 관리종목 지정 후 1개월 이내 동 사유 미해소,Y
377400,하이제6호스팩,KOSDAQ,2024-01-25,피흡수합병(스팩소멸합병),N
066970,엘앤에프,KOSDAQ,2024-01-29,유가증권시장 상장,N
068400,SK렌터카,KOSPI,2024-01-31,지주회사(최대주주등)의 완전자회사화 등,N
427950,하나금융23호스팩,KOSDAQ,2024-02-01,피흡수합병(스팩소멸합병),N
114120,크루셜텍,KOSDAQ,2024-02-15,기업의 계속성 및 경영의 투명성 등을 종합적으로 고려하여 상장폐지기준에 해당한다고 결정,Y
426550,IBKS제19호스팩,KOSDAQ,2024-02-15,피흡수합병(스팩소멸합병),N
372290,하나머스트7호스팩,KOSDAQ,2024-02-19,피흡수합병(스팩소멸합병),N
183410,골프존데카,KONEX,2024-02-22,타법인의 완전자회사로 편입,N
001880,DL건설,KOSPI,2024-03-04,지주회사(최대주주등)의 완전자회사화 등,N
115960,연우,KOSDAQ,2024-03-06,타법인의 완전자회사로 편입,N
150440,피노텍,KONEX,2024-03-21,외부감사인의 감사의견 의견거절,Y
397880,교보11호스팩,KOSDAQ,2024-03-25,피흡수합병(스팩소멸합병),N
224020,에스케이씨에스,KONEX,2024-03-29,피흡수합병,N
248020,젬,KONEX,2024-04-05,외부감사인의 감사의견 의견거절,Y
322190,베른,KONEX,2024-04-25,감사의견 의견거절(감사범위제한),Y
419270,신영스팩7호,KOSDAQ,2024-04-25,피흡수합병(스팩소멸합병),N
393360,신한제8호스팩,KOSDAQ,2024-04-30,합병상장예비심사신청서 미제출로 관리종목 지정 후 1개월 이내 동 사유 미해소,Y
058220,아리온,KOSDAQ,2024-05-03,감사의견 거절(감사범위 제한 및 계속기업 존속능력에 대한 불확실성),Y
436530,케이비제22호스팩,KOSDAQ,2024-05-03,피흡수합병(스팩소멸합병),N
030790,비케이탑스,KOSPI,2024-05-13,감사의견 의견거절 2년 계속,Y
391060,엔에이치스팩20호,KOSDAQ,2024-05-14,상장예비심사 청구서 미제출로 관리종목 지정 후 1개월 이내 동사유 미해소,Y
148140,비디아이,KOSDAQ,2024-06-07,기업의 계속성 및 경영의 투명성 등을 종합적으로 고려하여 상장폐지기준에 해당한다고 결정,Y
323350,다원넥스뷰,KONEX,2024-06-11,신한제9호기업인수목적(주)와의 스팩소멸합병,N
405640,신한제9호스팩,KOSDAQ,2024-06-11,피흡수합병(스팩소멸합병),N
161570,THE MIDONG,KOSDAQ,2024-06-17,기업의 계속성 및 경영의 투명성 등을 종합적으로 고려하여 상장폐지기준에 해당한다고 결정,Y
386580,한화플러스제2호스팩,KOSDAQ,2024-06-17,상장예비심사 청구서 미제출로 관리종목 지정 후 1개월 이내 동 사유 미해소,Y
163430,디피코,KONEX,2024-06-18,'22사업연도 감사의견 의견거절 및 '23사업연도 사업보고서 미제출,Y
006580,대양제지,KOSDAQ,2024-06-21,상장폐지 신청('24.05.17),Y
034230,파라다이스,KOSDAQ,2024-06-24,유가증권시장 상장,N
107640,한중엔시에스,KONEX,2024-06-24,코스닥시장 이전상장,N
058530,파나케이아,KOSDAQ,2024-06-25,기업의 계속성 및 경영의 투명성 등을 종합적으로 고려하여 상장폐지기준에 해당한다고 결정,Y
388800,유진스팩7호,KOSDAQ,2024-07-02,상장예비심사청구서 미제출로 관리종목 지정 후 1개월 이내 동 사유 미해소,Y
003410,쌍용씨앤이,KOSPI,2024-07-09,지주회사(최대주주등)의 완전자회사화 등,N
181340,이즈미디어,KOSDAQ,2024-07-10,감사범위 제한,Y
136510,스마트솔루션즈,KOSDAQ,2024-07-25,감사의견 거절,Y
400840,하이제7호스팩,KOSDAQ,2024-07-26,상장예비심사 청구서 미제출로 관리종목 지정 후 1개월 이내 동 사유 미해소,Y
065560,녹원씨엔아이,KOSDAQ,2024-07-29,기업의 계속성 및 경영의 투명성 등을 종합적으로 고려하여 상장폐지기준에 해당한다고 결정,Y
299670,에스엠비나,KONEX,2024-08-16,지정자문인 선임계약 해지 후 30일 이내 미체결(2024.8.1 限),Y
258250,셀젠텍,KONEX,2024-08-30,지정자문인 선임계약 해지 후 30일 이내 미체결(2024.8.16 限),Y
430230,하나금융24호스팩,KOSDAQ,2024-09-03,피흡수합병(스팩소멸합병),N
089530,에이티세미콘,KOSDAQ,2024-09-06,기업의 계속성 및 경영의 투명성 등을 종합적으로 고려하여 상장폐지 기준에 해당한다고 결정,Y
119860,커넥트웨이브,KOSDAQ,2024-09-24,타법인의 완전자회사로 편입,N
436610,한국제11호스팩,KOSDAQ,2024-09-27,피흡수합병(스팩소멸합병),N
053590,한국테크놀로지,KOSDAQ,2024-10-07,해산사유 발생(파산선고),Y
286000,씨엔티드림,KONEX,2024-10-07,외부감사인의 감사의견 의견거절,Y
282690,동아타이어,KOSPI,2024-10-08,해산 사유 발생,Y
164060,이루다,KOSDAQ,2024-10-22,피흡수합병,N
044990,에이치엔에스하이텍,KONEX,2024-10-25,코스닥시장 이전상장,N
263540,어스앤에어로스페이스,KOSDAQ,2024-11-06,기업의 계속성 및 경영의 투명성 등을 종합적으로 고려하여 상장폐지기준에 해당한다고 결정,Y
287410,제이시스메디칼,KOSDAQ,2024-11-07,타법인의 완전자회사로 편입,N
062860,티엘아이,KOSDAQ,2024-11-14,기업의 계속성 및 경영의 투명성 등을 종합적으로 고려하여 상장폐지기준에 해당한다고 결정,Y
421800,교보12호스팩,KOSDAQ,2024-11-19,피흡수합병(스팩소멸합병),N
438220,대신밸런스제13호스팩,KOSDAQ,2024-11-20,피흡수합병(스팩소멸합병),N
138580,비즈니스온,KOSDAQ,2024-11-22,타법인의 완전자회사로 편입,N
415580,상상인제3호스팩,KOSDAQ,2024-12-04,합병상장예비심사신청서 미제출로 관리종목 지정 후 1개월 이내 동 사유 미해소,Y
115390,락앤락,KOSPI,2024-12-09,지주회사(최대주주등)의 완전자회사화 등,N
419700,이브이파킹서비스,KONEX,2024-12-12,지정자문인 선임계약 해지 후 30일 이내 미체결('24.11.28限),Y
430460,한화플러스제3호스팩,KOSDAQ,2024-12-13,피흡수합병(스팩소멸합병),N
418170,하나금융22호스팩,KOSDAQ,2024-12-19,피흡수합병(스팩소멸합병),N
080000,에스엔유,KOSDAQ,2024-12-20,피흡수합병,N
176750,듀켐바이오,KONEX,2024-12-20,코스닥시장 이전상장,N
214310,에스엘에너지,KOSDAQ,2024-12-23,기업의 계속성 및 경영의 투명성 등을 종합적으로 고려하여 상장폐지기준에 해당한다고 결정,Y
406760,하나금융21호스팩,KOSDAQ,2024-12-26,피흡수합병(스팩소멸합병),N
900280,골든센츄리,KOSDAQ,2025-01-08,"사업보고서, 반기보고서 또는 분기보고서 미제출로 상장규정 제53조제1항제6호에 따라 관리종목으로 지정된 상태에서 공시규정 제19조제1항에 따른 사업보고서, 반기보고서 또는 분기보고서를 법정제출기한내 미제출",Y
412930,미래에셋비전스팩1호,KOSDAQ,2025-01-21,피흡수합병(스팩소멸합병),N
424140,케이비제21호스팩,KOSDAQ,2025-02-04,상장예비심사 청구서 미제출로 관리종목 지정 후 1개월 이내 동 사유 미해소,Y
422040,엔에이치스팩23호,KOSDAQ,2025-02-10,상장예비심사 청구서 미제출로 관리종목 지정 후 1개월 이내 동사유 미해소,Y
425290,삼성스팩6호,KOSDAQ,2025-02-11,상장예비심사 청구서 미제출로 관리종목 지정 후 1개월 이내 동사유 미해소,Y
160600,이큐셀,KOSDAQ,2025-02-14,기업의 계속성 및 경영의 투명성 등을 종합적으로 고려하여 상장폐지기준에 해당한다고 결정,Y
299910,애닉,KOSDAQ,2025-02-14,기업의 계속성 및 경영의 투명성 등을 종합적으로 고려하여 상장폐지기준에 해당한다고 결정,Y
078940,퀀타피아,KOSDAQ,2025-02-19,기업의 계속성 및 경영의 투명성 등을 종합적으로 고려하여 상장폐지기준에 해당한다고 결정,Y
376190,LB루셈,KOSDAQ,2025-02-21,피흡수합병,N
034300,신세계건설,KOSPI,2025-02-24,지주회사(최대주주등)의 완전자회사화 등,N
446600,카이바이오텍,KONEX,2025-02-25,지정자문인 선임계약 해지 후 30일 이내 미체결('25.2.11限),Y
413600,키움제6호스팩,KOSDAQ,2025-02-28,피흡수합병(스팩소멸합병),N
268600,셀리버리,KOSDAQ,2025-03-07,감사의견 거절(감사범위 제한 및 계속기업 가정 불확실성),Y
433530,키움제7호스팩,KOSDAQ,2025-03-07,피흡수합병(스팩소멸합병),N
430700,유안타제9호스팩,KOSDAQ,2025-03-17,합병상장예비심사신청서 미제출로 관리종목 지정 후 1개월 이내 동 사유 미해소,Y
038340,MIT,KOSDAQ,2025-03-28,기업의 계속성 및 경영의 투명성 등을 종합적으로 고려하여 상장폐지기준에 해당한다고 결정,Y
458320,KB제26호스팩,KOSDAQ,2025-03-28,피흡수합병(스팩소멸합병),N
214870,한울BnC,KOSDAQ,2025-03-31,감사의견 거절(감사범위 제한 및 계속기업가정 불확실성),Y
168490,한국패러랠,KOSPI,2025-04-01,해산 사유 발생,Y
418210,신한제10호스팩,KOSDAQ,2025-04-04,합병상장예비심사신청서 미제출로 관리종목 지정 후 1개월 이내 동 사유 미해소,Y
448900,한국피아이엠,KONEX,2025-04-04,코스닥시장 이전상장,N
477530,한국제14호스팩,KOSDAQ,2025-04-29,피흡수합병(스팩소멸합병),N
258540,에스엘테라퓨틱스,KONEX,2025-05-07,감사의견 의견거절,Y
435380,유안타제10호스팩,KOSDAQ,2025-05-14,합병상장예비심사신청서 미제출로 관리종목 지정 후 1개월 이내 동 사유 미해소,Y
457390,대신밸런스제15호스팩,KOSDAQ,2025-05-15,피흡수합병(스팩소멸합병),N
435870,SK증권제8호스팩,KOSDAQ,2025-05-16,합병상장예비심사신청서 미제출로 관리종목 지정 후 1개월 이내 동 사유 미해소,Y
456440,DB금융스팩11호,KOSDAQ,2025-05-16,피흡수합병(스팩소멸합병),N
435620,하나금융25호스팩,KOSDAQ,2025-05-26,상장예비심사 청구서 미제출로 관리종목 지정 후 1개월 이내 동사유 미해소,Y
437780,엔에이치스팩24호,KOSDAQ,2025-05-26,합병상장예비심사신청서 미제출로 관리종목 지정 후 1개월 이내 동 사유 미해소,Y
012600,청호ICT,KOSPI,2025-05-27,"기업의 계속성, 경영의 투명성 및 기타 공익과 투자자 보호 등을 종합적으로 고려하여 상장폐지 기준에 해당한다고 결정",Y
283100,노보믹스,KONEX,2025-05-28,외부감사인의 감사의견 의견거절,Y
439250,삼성스팩7호,KOSDAQ,2025-06-02,합병상장예비심사신청서 미제출로 관리종목 지정 후 1개월 이내 동 사유 미해소,Y
439730,IBKS제20호스팩,KOSDAQ,2025-06-02,합병상장예비심사신청서 미제출로 관리종목 지정 후 1개월 이내 동 사유 미해소,Y
438580,엔에이치스팩25호,KOSDAQ,2025-06-11,합병상장예비심사신청서 미제출로 관리종목 지정 후 1개월 이내 동 사유 미해소,Y
029960,코엔텍,KOSDAQ,2025-06-16,타법인의 완전자회사로 편입,N
468510,삼성스팩9호,KOSDAQ,2025-06-17,피흡수합병(스팩소멸합병),N
071460,위니아,KOSDAQ,2025-06-18,감사의견 거절(감사범위 제한 및 계속기업가정 불확실성),Y
072520,제넨바이오,KOSDAQ,2025-06-18,감사의견 거절(감사범위 제한 및 계속기업 가정 불확실성),Y
226440,한송네오텍,KOSDAQ,2025-06-19,기업의 계속성 및 경영의 투명성 등을 종합적으로 고려하여 상장폐지기준에 해당한다고 결정,Y
323230,엠에프엠코리아,KOSDAQ,2025-06-19,기업의 계속성 및 경영의 투명성 등을 종합적으로 고려하여 상장폐지기준에 해당한다고 결정,Y
388610,지에프씨생명과학,KONEX,2025-06-30,코스닥시장 이전상장,N
439410,엔에이치스팩26호,KOSDAQ,2025-07-08,상장예비심사 청구서 미제출로 관리종목 지정 후 1개월 이내 동사유 미해소,Y
442130,유진스팩9호,KOSDAQ,2025-07-09,상장예비심사 청구서 미제출로 관리종목 지정 후 1개월 이내 동사유 미해소,Y
476470,KB제28호스팩,KOSDAQ,2025-07-09,피흡수합병(스팩소멸합병),N
440790,교보13호스팩,KOSDAQ,2025-07-11,상장예비심사 청구서 미제출로 관리종목 지정 후 1개월 이내 동사유 미해소,Y
442310,대신밸런스제14호스팩,KOSDAQ,2025-07-11,상장예비심사 청구서 미제출로 관리종목 지정 후 1개월 이내 동사유 미해소,Y
023460,CNH,KOSDAQ,2025-07-14,기업의 계속성 및 경영의 투명성 등을 종합적으로 고려하여 상장폐지기준에 해당한다고 결정,Y
440820,엔에이치스팩27호,KOSDAQ,2025-07-21,상장예비심사 청구서 미제출로 관리종목 지정 후 1개월 이내 동 사유 미해소,Y
950110,SBI핀테크솔루션즈,KOSDAQ,2025-07-24,상장폐지 신청('25.06.26),Y
445360,비엔케이제1호스팩,KOSDAQ,2025-07-28,합병상장예비심사신청서 미제출로 관리종목 지정 후 1개월 이내 동 사유 미해소,Y
049770,동원F&B,KOSPI,2025-07-31,지주회사(최대주주등)의 완전자회사화 등,N
445970,신영스팩9호,KOSDAQ,2025-08-01,합병상장예비심사신청서 미제출로 관리종목 지정 후 1개월 이내 동 사유 미해소,Y
289860,지슨,KONEX,2025-08-14,피흡수합병,N
086460,큐러블,KONEX,2025-08-19,기업의 계속성 및 경영의 투명성 등을 종합적으로 고려하여 상장폐지기준에 해당한다고 결정,Y
044060,조광ILI,KOSDAQ,2025-08-21,기업의 계속성 및 경영의 투명성 등을 종합적으로 고려하여 상장폐지기준에 해당한다고 결정,Y
290380,대유,KOSDAQ,2025-08-21,기업의 계속성 및 경영의 투명성 등을 종합적으로 고려하여 상장폐지기준에 해당한다고 결정,Y
430220,신영스팩8호,KOSDAQ,2025-08-22,피흡수합병(스팩소멸합병),N
019590,에스유앤피,KOSDAQ,2025-09-08,기업의 계속성 및 경영의 투명성 등을 종합적으로 고려하여 상장폐지기준에 해당한다고 결정,Y
446190,미래에셋비전스팩2호,KOSDAQ,2025-09-09,피흡수합병(스팩소멸합병),N
024810,이화전기,KOSDAQ,2025-09-10,기업의 계속성 및 경영의 투명성 등을 종합적으로 고려하여 상장폐지기준에 해당한다고 결정,Y
096040,이트론,KOSDAQ,2025-09-10,기업의 계속성 및 경영의 투명성 등을 종합적으로 고려하여 상장폐지기준에 해당한다고 결정,Y
093230,이아이디,KOSPI,2025-09-11,"기업의 계속성, 경영의 투명성 및 기타 공익과 투자자 보호 등을 종합적으로 고려하여 상장폐지 기준에 해당한다고 결정",Y
010420,한솔피엔에스,KOSPI,2025-09-25,지주회사(최대주주등)의 완전자회사화 등,N
005390,신성통상,KOSPI,2025-09-30,신청에 의한 상장폐지,Y
449020,유안타제13호스팩,KOSDAQ,2025-10-10,합병상장예비심사신청서 미제출로 관리종목 지정 후 1개월 이내 동 사유 미해소,Y
448740,삼성스팩8호,KOSDAQ,2025-10-14,합병상장예비심사신청서 미제출로 관리종목 지정 후 1개월 이내 동 사유 미해소,Y
446750,하나26호스팩,KOSDAQ,2025-10-16,합병상장예비심사신청서 미제출로 관리종목 지정 후 1개월 이내 동 사유 미해소,Y
442900,미래에셋드림스팩1호,KOSDAQ,2025-10-23,합병상장예비심사신청서 미제출로 관리종목 지정 후 1개월 이내 동 사유 미해소,Y
