ticker,delisting_date,reason,is_genuine_keyword,is_genuine,rule,evidence
008670,2005-01-05,지주회사의 완전자회사화(지주회사 신규상장),N,Y,holdco-new-listing,"reason ends in '지주회사 신규상장' — restructure, not exit"
009080,2005-08-17,해산 사유 발생,Y,N,dissolution-post-merger,20050418000188 회사합병결정 20050418
070540,2005-09-15,해산 사유 발생,Y,N,spc-end-of-life,corp_name=(주)코크렙제2호기업구조조정부동산투자회사
002860,2005-12-12,지주회사의 완전자회사화(지주회사 신규상장),N,Y,holdco-new-listing,"reason ends in '지주회사 신규상장' — restructure, not exit"
063510,2006-07-21,해산 사유 발생,Y,N,dissolution-post-merger,20060615000060 [기재정정]회사합병결정 20060615
003330,2006-10-26,지주회사의 완전자회사화(지주회사 신규상장),N,Y,holdco-new-listing,"reason ends in '지주회사 신규상장' — restructure, not exit"
003040,2006-11-21,해산 사유 발생,Y,N,dissolution-post-merger,20060822000149 [기재정정]회사합병결정 20060822
006600,2006-11-22,해산 사유 발생,Y,N,dissolution-post-merger,20060821000023 [기재정정]회사합병결정 20060821
085450,2007-01-26,해산 사유 발생,Y,N,spc-end-of-life,corp_name=굿앤리치부동산공경매투자회사1호
067910,2007-05-10,해산 사유 발생,Y,N,spc-end-of-life,corp_name=(주)코크렙제1호기업구조조정부동산투자회사
001830,2007-05-21,해산 사유 발생,Y,N,dissolution-post-merger,20070216000164 회사합병결정 20070216
011020,2007-06-15,해산 사유 발생,Y,N,dissolution-post-merger,20070410001048 [기재정정]회사합병결정 20070410
005330,2007-06-20,해산 사유 발생,Y,N,dissolution-post-merger,20070410001259 [기재정정]회사합병결정 20070410
032710,2007-10-10,지주회사의 완전자회사화(지주회사 신규상장),N,Y,holdco-new-listing,"reason ends in '지주회사 신규상장' — restructure, not exit"
012990,2007-11-15,해산 사유 발생,Y,N,dissolution-post-merger,20071031000229 [기재정정]회사합병결정 20071031
073470,2008-08-04,해산 사유 발생,Y,N,spc-end-of-life,corp_name=유레스메리츠제1호
073530,2008-08-08,해산 사유 발생,Y,N,spc-end-of-life,corp_name=코크렙제3호CR리츠
003660,2008-08-20,해산 사유 발생,Y,N,dissolution-post-merger,20080515000697 회사합병결정 20080515
088510,2008-08-25,해산 사유 발생,Y,N,spc-end-of-life,corp_name=굿앤리치부동산공경매투자회사2호
060000,2008-10-10,지주회사의 완전자회사화(지주회사 신규상장),N,Y,holdco-new-listing,"reason ends in '지주회사 신규상장' — restructure, not exit"
103160,2009-04-13,지주회사의 완전자회사화(지주회사 신규상장),N,Y,holdco-new-listing,"reason ends in '지주회사 신규상장' — restructure, not exit"
032390,2009-06-23,해산 사유 발생,Y,N,dissolution-post-merger,20090403001245 [기재정정]회사합병결정 20090403
042100,2009-07-16,해산 사유 발생,Y,N,dissolution-post-merger,20090406001833 주요사항보고서(합병결정) 20090406
001370,2009-08-17,해산 사유 발생,Y,N,manual,"Merged into (주)코오롱; 회사합병결정 filed acquirer-side under 코오롱's corp_code so acquiree-side DART query returns nothing. ref: ko.wikipedia.org/wiki/코오롱, namu.wiki/w/코오롱"
076850,2009-10-09,해산 사유 발생,Y,N,spc-end-of-life,corp_name=(주)맥쿼리센트럴오피스기업구조조정부동산투자회사
015940,2010-01-15,해산 사유 발생,Y,N,dissolution-post-merger,20091015000231 주요사항보고서(합병결정) 20091015
045820,2010-01-15,해산 사유 발생,Y,N,dissolution-post-merger,20091015000250 주요사항보고서(합병결정) 20091015
000610,2010-01-20,해산 사유 발생,Y,N,dissolution-post-merger,20090807000104 [기재정정]주요사항보고서(합병결정) 20090807
108070,2010-04-14,해산 사유 발생,Y,N,dissolution-post-merger,20091215000212 주요사항보고서(합병결정) 20091215
012420,2010-04-21,해산 사유 발생,Y,N,dissolution-post-merger,20091218000227 [기재정정]주요사항보고서(합병결정) 20091218
027840,2010-07-14,해산 사유 발생,Y,N,dissolution-post-merger,20100420000140 [기재정정]주요사항보고서(합병결정) 20100420
114410,2010-07-16,해산 사유 발생,Y,N,dissolution-post-merger,20100413000185 주요사항보고서(합병결정) 20100413
084160,2010-10-15,해산 사유 발생,Y,N,spc-end-of-life,corp_name=골든브릿지더블유엠경매부동산일호투자회사
094950,2011-01-05,해산 사유 발생,Y,N,spc-end-of-life,corp_name=GB 블루오션베트남주식혼합형 투자회사 1호
045710,2011-03-22,해산 사유 발생,Y,N,dissolution-post-merger,20110223000249 [기재정정]주요사항보고서(합병결정) 20110223
005280,2011-03-30,지주회사의 완전자회사화(지주회사 신규상장),N,Y,holdco-new-listing,"reason ends in '지주회사 신규상장' — restructure, not exit"
004620,2011-05-17,해산 사유 발생,Y,N,dissolution-post-merger,20110215000223 주요사항보고서(합병결정) 20110215
005270,2011-06-07,지주회사의 완전자회사화(지주회사 신규상장),N,Y,holdco-new-listing,"reason ends in '지주회사 신규상장' — restructure, not exit"
016510,2011-07-18,해산 사유 발생,Y,N,dissolution-post-merger,20110406000408 주요사항보고서(합병결정) 20110406
103150,2011-09-26,해산 사유 발생,Y,N,dissolution-post-merger,20110706000067 [첨부정정]주요사항보고서(합병결정) 20110706
022520,2012-01-11,해산 사유 발생,Y,N,dissolution-post-merger,20111012000119 [기재정정]주요사항보고서(합병결정) 20111012
093820,2012-02-01,해산 사유 발생,Y,N,spc-end-of-life,corp_name=한국 베트남15-1유전 해외자원개발투자회사
098150,2012-04-23,해산 사유 발생,Y,N,spc-end-of-life,corp_name=한국월드와이드아시아태평양특별자산1호투자회사
064420,2013-01-15,해산 사유 발생,Y,N,dissolution-post-merger,20120817000307 [기재정정]주요사항보고서(합병결정) 20120820
014300,2013-01-18,해산 사유 발생,Y,N,dissolution-post-merger,20120919000275 주요사항보고서(합병결정) 20120919
004010,2013-01-22,해산 사유 발생,Y,N,dissolution-post-merger,20121018000269 주요사항보고서(합병결정) 20121018
009380,2013-01-23,해산 사유 발생,Y,N,dissolution-post-merger,20120914000276 주요사항보고서(합병결정) 20120914
007480,2013-01-28,해산 사유 발생,Y,N,dissolution-post-merger,20121102000115 [기재정정]주요사항보고서(합병결정) 20121102
006350,2013-07-18,지주회사의 완전자회사화(지주회사 신규상장),N,Y,holdco-new-listing,"reason ends in '지주회사 신규상장' — restructure, not exit"
101990,2014-05-21,해산 사유 발생,Y,N,dissolution-post-merger,20140207000276 주요사항보고서(합병결정) 20140207
001300,2014-07-15,해산 사유 발생,Y,N,dissolution-post-merger,20140331001355 주요사항보고서(합병결정) 20140331
053000,2014-11-19,해산 사유 발생,Y,N,dissolution-post-merger,20140911000016 [기재정정]주요사항보고서(합병결정) 20140911
008720,2014-12-30,해산 사유 발생,Y,N,dissolution-post-merger,20140916000358 [기재정정]주요사항보고서(합병결정) 20140916
003640,2015-01-16,해산 사유 발생,Y,N,dissolution-post-merger,20141111000138 [기재정정]주요사항보고서(합병결정) 20141111
090540,2015-01-16,해산 사유 발생,Y,N,spc-end-of-life,corp_name=(주)코크렙제8호위탁관리부동산투자회사
016420,2015-01-20,해산 사유 발생,Y,N,dissolution-post-merger,20141113000460 [기재정정]주요사항보고서(합병결정) 20141113
010520,2015-07-15,해산 사유 발생,Y,N,dissolution-post-merger,20150429000977 [기재정정]주요사항보고서(합병결정) 20150429
003600,2015-08-17,해산 사유 발생,Y,N,dissolution-post-merger,20150528000709 [기재정정]주요사항보고서(합병결정) 20150528
000830,2015-09-15,해산 사유 발생,Y,N,dissolution-post-merger,20150619000462 [기재정정]주요사항보고서(합병결정) 20150619
003940,2016-01-21,해산 사유 발생,Y,N,dissolution-post-merger,20151001000246 [기재정정]주요사항보고서(합병결정) 20151001
025850,2016-03-15,해산 사유 발생,Y,N,dissolution-post-merger,20151217000245 [기재정정]주요사항보고서(회사합병결정) 20151217
008900,2016-05-17,해산 사유 발생,Y,N,dissolution-post-merger,20160201000390 [기재정정]주요사항보고서(회사합병결정) 20160201
104110,2017-01-02,해산 사유 발생,Y,N,dissolution-post-merger,20161223000041 [기재정정]주요사항보고서(회사합병결정) 20161223
104120,2017-01-02,해산 사유 발생,Y,N,dissolution-post-merger,20161223000044 [기재정정]주요사항보고서(회사합병결정) 20161223
068870,2017-01-17,해산 사유 발생,Y,N,dissolution-post-merger,20161214000402 [기재정정]주요사항보고서(회사합병결정) 20161214
037620,2017-01-20,해산 사유 발생,Y,N,dissolution-post-merger,20161014000405 [첨부정정]주요사항보고서(회사합병결정) 20161014
007190,2017-03-15,해산 사유 발생,Y,N,dissolution-post-merger,20161215000410 [첨부정정]주요사항보고서(회사합병결정) 20161215
005620,2017-08-25,해산 사유 발생,Y,N,dissolution-post-merger,20170613000162 [기재정정]주요사항보고서(회사합병결정) 20170613
004130,2018-12-19,해산 사유 발생,Y,N,dissolution-post-merger,20181001000251 [기재정정]주요사항보고서(회사합병결정) 20181001
140890,2019-05-07,해산 사유 발생,Y,N,spc-end-of-life,corp_name=트러스와이제7호위탁관리부동산투자회사
079660,2019-06-26,해산 사유 발생,Y,N,dissolution-post-merger,20190521000463 [기재정정]주요사항보고서(회사합병결정) 20190521
002300,2020-07-13,해산 사유 발생,Y,N,dissolution-post-merger,20200504000199 [기재정정]주요사항보고서(회사합병결정) 20200504
004200,2020-07-21,해산 사유 발생,Y,N,dissolution-post-merger,20200327001371 주요사항보고서(회사합병결정) 20200327
152330,2020-12-18,해산 사유 발생,Y,N,dissolution-post-merger,20200909000340 주요사항보고서(회사합병결정) 20200909
005190,2021-04-16,해산 사유 발생,Y,N,dissolution-post-merger,20210127000527 [기재정정]주요사항보고서(회사합병결정) 20210127
101060,2022-01-18,해산 사유 발생,Y,N,dissolution-post-merger,20211005000324 [기재정정]주요사항보고서(회사합병결정) 20211005
002270,2022-07-20,해산 사유 발생,Y,N,dissolution-post-merger,20220617000213 [기재정정]주요사항보고서(회사합병결정) 20220617
096300,2023-02-02,해산 사유 발생,Y,N,spc-end-of-life,corp_name=한국월드와이드베트남부동산개발특별자산1호투자회사
282690,2024-10-08,해산 사유 발생,Y,N,dissolution-post-merger,20240904000321 [기재정정]주요사항보고서(회사합병결정) 20240904
168490,2025-04-01,해산 사유 발생,Y,N,spc-end-of-life,corp_name=한국투자패러랠유전해외자원개발특별자산투자회사1호(지분증권)
