index,ticker,name,in_date,in_source,out_date,out_source
코스피 200,000010,조흥은행,,initial,2004-03-31,log
코스피 200,000020,동화약품,,initial,2004-06-11,log
코스피 200,000030,우리은행,,initial,2000-12-19,log
코스피 200,000060,메리츠화재,,initial,1999-06-11,log
코스피 200,000070,삼양홀딩스,,initial,2022-12-09,log
코스피 200,000100,유한양행,,initial,,
코스피 200,000110,제일은행,,initial,1999-09-10,log
코스피 200,000120,CJ대한통운,,initial,1999-06-11,log
코스피 200,000140,하이트진로홀딩스,,initial,2017-06-09,log
코스피 200,000150,두산,,initial,,
코스피 200,000180,성창기업,,initial,2000-06-09,log
코스피 200,000200,대우중공업,,initial,1999-12-10,log
코스피 200,000210,DL,,initial,,
코스피 200,000230,일동홀딩스,,initial,1999-06-11,log
코스피 200,000240,한국앤컴퍼니,,initial,,
코스피 200,000280,동아건설,,initial,2000-11-02,log
코스피 200,000360,삼환기업,,initial,2000-06-09,log
코스피 200,000420,로케트전기,,initial,2000-06-09,log
코스피 200,000640,동아쏘시오홀딩스,,initial,2020-12-11,log
코스피 200,000660,SK하이닉스,,initial,,
코스피 200,000700,한진해운홀딩스,,initial,2014-09-12,log
코스피 200,000720,현대건설,,initial,2001-04-02,log
코스피 200,000800,경남기업,,initial,1999-06-11,log
코스피 200,000830,삼성물산,,initial,2015-09-01,log
코스피 200,000880,한화,,initial,,
코스피 200,000990,DB하이텍,,initial,2015-06-12,log
코스피 200,001020,페이퍼코리아,,initial,2000-06-09,log
코스피 200,001040,CJ,,initial,,
코스피 200,001060,JW중외제약,,initial,2011-06-10,log
코스피 200,001120,LX인터내셔널,,initial,1999-06-11,log
코스피 200,001150,서통,,initial,2000-06-09,log
코스피 200,001160,신원제이엠씨,,initial,1999-06-11,log
코스피 200,001230,동국제강,,initial,2003-04-23,log
코스피 200,001300,제일모직,,initial,2014-06-27,log
코스피 200,001310,풍림산업,,initial,1999-06-11,log
코스피 200,001370,FnC코오롱,,initial,1999-06-11,log
코스피 200,001380,SG글로벌,,initial,1999-06-11,log
코스피 200,001440,대한전선,,initial,2015-04-14,log
코스피 200,001450,현대해상,,initial,1999-06-11,log
코스피 200,001470,삼부토건,,initial,1999-06-11,log
코스피 200,001520,동양,,initial,2003-06-13,log
코스피 200,001630,종근당홀딩스,,initial,2003-06-13,log
코스피 200,001680,대상,,initial,,
코스피 200,001720,신영증권,,initial,1999-06-11,log
코스피 200,001740,SK네트웍스,,initial,1999-06-11,log
코스피 200,001790,대한제당,,initial,2003-06-13,log
코스피 200,001800,오리온홀딩스,,initial,,
코스피 200,001830,동부일렉트로닉스,,initial,2007-04-27,log
코스피 200,001940,KISCO홀딩스,,initial,2011-06-10,log
코스피 200,001980,대호,,initial,1999-06-11,log
코스피 200,002000,한국유리,,initial,2005-04-01,log
코스피 200,002020,코오롱,,initial,2015-03-13,log
코스피 200,002030,아세아,,initial,2012-06-15,log
코스피 200,002300,한국제지,,initial,2011-06-10,log
코스피 200,002310,아세아제지,,initial,2001-06-15,log
코스피 200,002320,한진,,initial,1999-06-11,log
코스피 200,002380,KCC,,initial,,
코스피 200,002550,LIG손해보험,,initial,1999-06-11,log
코스피 200,002610,LGEI,,initial,2003-02-27,log
코스피 200,002740,동양화학,,initial,2001-04-16,log
코스피 200,002790,아모레퍼시픽홀딩스,,initial,,
코스피 200,002860,하나은행,,initial,1999-09-10,log
코스피 200,002950,두산건설,,initial,1999-06-11,log
코스피 200,002990,금호산업,,initial,2010-06-11,log
코스피 200,003000,부광약품,,initial,2022-06-10,log
코스피 200,003030,세아제강지주,,initial,2018-12-14,log
코스피 200,003050,넥상스코리아,,initial,2004-06-11,log
코스피 200,003090,대웅,,initial,2003-06-13,log
코스피 200,003300,한일홀딩스,,initial,2019-06-14,log
코스피 200,003410,쌍용C&E,,initial,2001-04-02,log
코스피 200,003450,현대증권,,initial,2016-10-17,log
코스피 200,003470,동양종금증권,,initial,1999-06-11,log
코스피 200,003480,한진중공업홀딩스,,initial,2013-06-14,log
코스피 200,003490,대한항공,,initial,,
코스피 200,003540,대신증권,,initial,2000-06-09,log
코스피 200,003550,LG,,initial,2006-06-09,log
코스피 200,003600,SK,,initial,2015-08-03,log
코스피 200,003610,방림,,initial,2000-06-09,log
코스피 200,003620,KG모빌리티,,initial,1999-12-10,log
코스피 200,003690,코리안리,,initial,1999-06-11,log
코스피 200,003810,대우,,initial,1999-12-10,log
코스피 200,003940,삼양제넥스,,initial,2011-06-10,log
코스피 200,004000,롯데정밀화학,,initial,,
코스피 200,004020,현대제철,,initial,,
코스피 200,004150,한솔홀딩스,,initial,2016-06-10,log
코스피 200,004170,신세계,,initial,,
코스피 200,004370,농심,,initial,,
코스피 200,004390,오리온전기,,initial,2001-04-02,log
코스피 200,004460,고합,,initial,2001-04-02,log
코스피 200,004550,대우차판매,,initial,1999-06-11,log
코스피 200,004660,신동방CP,,initial,2001-04-02,log
코스피 200,004690,삼천리,,initial,1999-06-11,log
코스피 200,004710,한솔테크닉스,,initial,2002-06-14,log
코스피 200,004800,효성,,initial,2024-12-13,log
코스피 200,004940,외환은행,,initial,2013-04-24,log
코스피 200,004980,성신양회,,initial,2009-06-12,log
코스피 200,005060,대우통신,,initial,1999-12-10,log
코스피 200,005070,코스모신소재,,initial,2001-06-15,log
코스피 200,005110,한창,,initial,1999-06-11,log
코스피 200,005250,녹십자홀딩스,,initial,2002-06-14,log
코스피 200,005270,대구은행,,initial,1999-06-11,log
코스피 200,005280,부산은행,,initial,1999-06-11,log
코스피 200,005380,현대차,,initial,,
코스피 200,005440,현대그린푸드,,initial,2000-06-09,log
코스피 200,005490,POSCO홀딩스,,initial,,
코스피 200,005620,대성산업,,initial,2000-06-09,log
코스피 200,005660,한진건설,,initial,1999-06-11,log
코스피 200,005770,광주은행,,initial,1999-06-11,log
코스피 200,005810,풍산홀딩스,,initial,2009-06-12,log
코스피 200,005870,휴니드,,initial,2001-07-02,log
코스피 200,005890,동원증권,,initial,2001-06-15,log
코스피 200,005930,삼성전자,,initial,,
코스피 200,005940,NH투자증권,,initial,,
코스피 200,005950,이수화학,,initial,1999-03-12,log
코스피 200,006040,동원산업,,initial,2001-06-15,log
코스피 200,006120,SK디스커버리,,initial,2022-06-10,log
코스피 200,006160,신화건설,,initial,1999-06-11,log
코스피 200,006200,KEC홀딩스,,initial,2007-09-14,log
코스피 200,006260,LS,,initial,,
코스피 200,006290,인천정유,,initial,2001-09-03,log
코스피 200,006360,GS건설,,initial,2014-06-13,log
코스피 200,006390,한일현대시멘트,,initial,2010-06-11,log
코스피 200,006400,삼성SDI,,initial,,
코스피 200,006610,경남은행,,initial,1999-06-11,log
코스피 200,006750,센추리,,initial,2001-06-15,log
코스피 200,006800,미래에셋증권,,initial,,
코스피 200,007310,오뚜기,,initial,,
코스피 200,007410,대우전자,,initial,1999-12-10,log
코스피 200,007570,일양약품,,initial,2003-06-13,log
코스피 200,007610,선도전기,,initial,2002-06-14,log
코스피 200,007630,지에스인스트루,,initial,2001-09-21,log
코스피 200,007690,국도화학,,initial,2006-06-09,log
코스피 200,008000,도레이케미칼,,initial,2001-06-15,log
코스피 200,008060,대덕,,initial,2020-06-12,log
코스피 200,008400,C&중공업,,initial,1999-06-11,log
코스피 200,008670,굿모닝신한증권,,initial,2004-12-21,log
코스피 200,008770,호텔신라,,initial,2000-06-09,log
코스피 200,008930,한미사이언스,,initial,2011-06-10,log
코스피 200,009150,삼성전기,,initial,,
코스피 200,009290,광동제약,,initial,2011-06-10,log
코스피 200,009410,태영건설,,initial,1999-06-11,log
코스피 200,009720,전기초자,,initial,2011-01-31,log
코스피 200,009760,한국컴퓨터지주,,initial,1999-06-11,log
코스피 200,009830,한화솔루션,,initial,,
코스피 200,010120,LS ELECTRIC,,initial,,
코스피 200,010130,고려아연,,initial,,
코스피 200,010140,삼성중공업,,initial,,
코스피 200,010510,일진,,initial,2003-10-14,log
코스피 200,010520,현대하이스코,,initial,2015-06-29,log
코스피 200,010620,HD현대미포,,initial,2025-11-27,log
코스피 200,010950,S-Oil,,initial,,
코스피 200,011170,롯데케미칼,,initial,,
코스피 200,011200,HMM,,initial,2002-06-14,log
코스피 200,011650,LG정보,,initial,2000-08-30,log
코스피 200,011760,현대상사,,initial,2001-06-15,log
코스피 200,011780,금호석유화학,,initial,,
코스피 200,012090,성원건설,,initial,1999-04-14,log
코스피 200,012330,현대모비스,,initial,,
코스피 200,012450,한화에어로스페이스,,initial,,
코스피 200,012600,청호컴넷,,initial,2004-06-11,log
코스피 200,012630,HDC,,initial,2021-06-11,log
코스피 200,014160,대영포장,,initial,2000-05-29,log
코스피 200,014680,한솔케미칼,,initial,2003-06-13,log
코스피 200,014820,동원시스템즈,,initial,2004-06-11,log
코스피 200,014900,삼보컴퓨터,,initial,2005-06-10,log
코스피 200,015360,예스코,,initial,1999-06-11,log
코스피 200,015760,한국전력,,initial,,
코스피 200,015940,LG데이콤,,initial,2003-06-13,log
코스피 200,016160,오라에너지,,initial,2002-06-14,log
코스피 200,016360,삼성증권,,initial,,
코스피 200,016380,KG스틸,,initial,2013-06-14,log
코스피 200,016800,퍼시스,,initial,1999-06-11,log
코스피 200,016830,한미은행,,initial,2004-06-11,log
코스피 200,017390,서울가스,,initial,1999-06-11,log
코스피 200,017670,SK텔레콤,,initial,,
코스피 200,017800,현대엘리베이터,,initial,,
코스피 200,017960,한국카본,,initial,2004-06-11,log
코스피 200,018360,메디슨,,initial,2002-01-30,log
코스피 200,018880,한온시스템,,initial,,
코스피 200,025830,한국합섬,,initial,2002-06-14,log
코스피 200,025850,KPX화인케미칼,,initial,1999-06-11,log
코스피 200,025860,남해화학,,initial,2020-12-11,log
코스피 200,026870,대한가스,,initial,1999-06-11,log
코스피 200,029530,신도리코,,initial,2018-06-15,log
코스피 200,030210,KTB투자증권,,initial,1999-06-11,log
코스피 200,009320,대우부품,1999-01-04,log,2000-06-09,log
코스피 200,005830,DB손해보험,1999-01-08,log,1999-06-11,log
코스피 200,006350,전북은행,1999-01-11,log,1999-06-11,log
코스피 200,000400,롯데손해보험,1999-01-26,log,1999-06-11,log
코스피 200,030200,KT,1999-03-12,log,,
코스피 200,005190,동성화학,1999-03-22,log,2002-06-14,log
코스피 200,011160,두산건설,1999-03-22,log,2001-03-05,log
코스피 200,009680,모토닉,1999-04-08,log,2003-06-13,log
코스피 200,003070,코오롱건설,1999-04-14,log,1999-06-11,log
코스피 200,004140,동방,1999-04-15,log,1999-06-11,log
코스피 200,000390,삼화페인트,1999-06-11,log,2000-06-09,log
코스피 200,001510,SK증권,1999-06-11,log,2003-06-13,log
코스피 200,002170,삼양통상,1999-06-11,log,2000-06-09,log
코스피 200,002200,수출포장,1999-06-11,log,2003-06-13,log
코스피 200,002960,한국쉘석유,1999-06-11,log,2000-06-09,log
코스피 200,003160,디아이,1999-06-11,log,2006-06-09,log
코스피 200,004830,덕성,1999-06-11,log,2006-06-09,log
코스피 200,005180,빙그레,1999-06-11,log,2021-06-11,log
코스피 200,005500,삼진제약,1999-06-11,log,2008-06-13,log
코스피 200,005680,삼영전자,1999-06-11,log,2001-06-15,log
코스피 200,005720,넥센,1999-06-11,log,2001-06-15,log
코스피 200,005950,이수화학,1999-06-11,log,2007-06-15,log
코스피 200,007540,샘표식품,1999-06-11,log,2000-06-09,log
코스피 200,007810,코리아써키트,1999-06-11,log,2007-06-15,log
코스피 200,008490,서흥,1999-06-11,log,2000-06-09,log
코스피 200,008600,미래와사람,1999-06-11,log,2000-06-09,log
코스피 200,008730,율촌화학,1999-06-11,log,2012-06-15,log
코스피 200,008810,LG종금,1999-06-11,log,2004-01-30,synthetic
코스피 200,009050,대한알미늄,1999-06-11,log,2004-01-30,synthetic
코스피 200,009200,무림페이퍼,1999-06-11,log,2011-06-10,log
코스피 200,009280,다함이텍,1999-06-11,log,2004-06-11,log
코스피 200,010110,고려화학,1999-06-11,log,2004-01-30,synthetic
코스피 200,011050,케드콤,1999-06-11,log,2002-06-14,log
코스피 200,011090,에넥스,1999-06-11,log,2002-06-14,log
코스피 200,011280,태림포장,1999-06-11,log,2002-06-14,log
코스피 200,011300,성안,1999-06-11,log,2001-06-15,log
코스피 200,011790,SKC,1999-06-11,log,,
코스피 200,012200,계양전기,1999-06-11,log,2005-06-10,log
코스피 200,012610,경인양행,1999-06-11,log,2003-06-13,log
코스피 200,012800,대창공업,1999-06-11,log,2002-06-14,log
코스피 200,017900,광전자,1999-06-11,log,2001-06-15,log
코스피 200,018550,한국안전유리,1999-06-11,log,2004-01-30,synthetic
코스피 200,019300,동일제지,1999-06-11,log,2002-06-14,log
코스피 200,023960,에쓰씨엔지니어링,1999-06-11,log,2002-06-14,log
코스피 200,024890,대원화성,1999-06-11,log,2002-06-14,log
코스피 200,025000,KPX케미칼,1999-06-11,log,2014-06-13,log
코스피 200,025530,SJM,1999-06-11,log,2006-06-09,log
코스피 200,025560,미래산업,1999-06-11,log,2008-06-13,log
코스피 200,025930,팬택,1999-06-11,log,2007-04-12,log
코스피 200,027840,고덴시,1999-06-11,log,2001-06-15,log
코스피 200,029460,케이씨텍,1999-06-11,log,2009-06-12,log
코스피 200,031820,콤텍시스템,1999-06-11,log,2004-06-11,log
코스피 200,016880,웅진닷컴,1999-07-22,log,2004-06-11,log
코스피 200,001200,유진투자증권,1999-09-10,log,2000-06-09,log
코스피 200,005270,대구은행,1999-09-10,log,2000-06-09,log
코스피 200,017300,KDS,1999-10-27,log,2001-10-29,log
코스피 200,001720,신영증권,1999-11-01,log,2000-06-09,log
코스피 200,000760,이화산업,1999-12-10,log,2003-06-13,log
코스피 200,009540,HD한국조선해양,1999-12-10,log,,
코스피 200,009970,영원무역홀딩스,1999-12-10,log,2000-06-09,log
코스피 200,016590,신대양제지,1999-12-10,log,2000-06-09,log
코스피 200,033780,KT&G,1999-12-10,log,,
코스피 200,024900,덕양산업,2000-04-12,log,2003-06-13,log
코스피 200,011930,신성홀딩스,2000-04-17,log,2010-06-11,log
코스피 200,010150,한국코아,2000-05-04,log,2003-06-13,log
코스피 200,014040,GPS,2000-05-29,log,2002-03-22,log
코스피 200,000270,기아,2000-06-09,log,,
코스피 200,000810,삼성화재,2000-06-09,log,,
코스피 200,001210,금호전기,2000-06-09,log,2012-06-15,log
코스피 200,001740,SK네트웍스,2000-06-09,log,2003-04-01,log
코스피 200,004130,대덕GDS,2000-06-09,log,2001-06-15,log
코스피 200,007860,서연,2000-06-09,log,2004-06-11,log
코스피 200,009180,한솔CSN,2000-06-09,log,2001-06-15,log
코스피 200,009270,신원,2000-06-09,log,2004-06-11,log
코스피 200,009890,맥슨텔레콤,2000-06-09,log,2001-04-02,log
코스피 200,010060,OCI홀딩스,2000-06-09,log,,
코스피 200,011690,유양디앤유,2000-06-09,log,2002-06-14,log
코스피 200,012750,에스원,2000-06-09,log,,
코스피 200,014440,영보화학,2000-06-09,log,2004-06-11,log
코스피 200,014740,금호케미칼,2000-06-09,log,2004-01-30,synthetic
코스피 200,017810,풀무원,2000-06-09,log,2005-06-10,log
코스피 200,019490,하이트론,2000-06-09,log,2003-06-13,log
코스피 200,020000,한섬,2000-06-09,log,2023-12-15,log
코스피 200,023590,다우기술,2000-06-09,log,2002-06-14,log
코스피 200,024070,WISCOM,2000-06-09,log,2001-06-15,log
코스피 200,025850,KPX화인케미칼,2000-06-09,log,2005-06-10,log
코스피 200,026890,디피씨,2000-06-09,log,2004-06-11,log
코스피 200,030000,제일기획,2000-06-09,log,,
코스피 200,002350,넥센타이어,2000-08-30,log,2022-06-10,log
코스피 200,001980,대호,2000-11-02,log,2002-06-14,log
코스피 200,030210,KTB투자증권,2000-12-19,log,2001-06-15,log
코스피 200,003680,한성기업,2001-01-16,log,2002-06-14,log
코스피 200,002950,두산건설,2001-03-05,log,2002-06-14,log
코스피 200,010770,평화산업,2001-03-30,log,2006-06-09,log
코스피 200,003070,코오롱건설,2001-04-02,log,2002-06-14,log
코스피 200,008480,KEP전자,2001-04-02,log,2002-03-25,log
코스피 200,009190,대양금속,2001-04-02,log,2001-06-15,log
코스피 200,015860,일진홀딩스,2001-04-02,log,2001-06-15,log
코스피 200,018590,KNC,2001-04-02,log,2002-06-14,log
코스피 200,023800,인지컨트롤스,2001-04-02,log,2001-06-15,log
코스피 200,001690,두산테크팩,2001-04-16,log,2001-12-27,log
코스피 200,000320,디피아이홀딩스,2001-06-15,log,2007-06-15,log
코스피 200,000390,삼화페인트,2001-06-15,log,2006-06-09,log
코스피 200,001570,금양,2001-06-15,log,2003-06-13,log
코스피 200,001620,동국실업,2001-06-15,log,2002-06-14,log
코스피 200,003540,대신증권,2001-06-15,log,2006-06-09,log
코스피 200,005600,중앙제지,2001-06-15,log,2002-06-14,log
코스피 200,006250,극동전선,2001-06-15,log,2002-06-14,log
코스피 200,006650,대한유화,2001-06-15,log,,
코스피 200,007210,벽산,2001-06-15,log,2004-07-01,log
코스피 200,007700,F&F홀딩스,2001-06-15,log,2004-06-11,log
코스피 200,009330,삼애인더스,2001-06-15,log,2001-09-28,log
코스피 200,009760,한국컴퓨터지주,2001-06-15,log,2003-06-13,log
코스피 200,011810,STX,2001-06-15,log,2004-06-11,log
코스피 200,013520,화승알앤에이,2001-06-15,log,2004-06-11,log
코스피 200,016580,환인제약,2001-06-15,log,2004-06-11,log
코스피 200,019930,기라정보통신,2001-06-15,log,2002-12-09,log
코스피 200,033240,자화전자,2001-06-15,log,2008-06-13,log
코스피 200,035150,백산,2001-06-15,log,2004-06-11,log
코스피 200,036460,한국가스공사,2001-06-15,log,,
코스피 200,004910,조광페인트,2001-07-02,log,2002-06-14,log
코스피 200,016570,태평양제약,2001-09-03,log,2002-06-14,log
코스피 200,055550,신한지주,2001-09-11,log,,
코스피 200,015260,큐엔텍코리아,2001-09-21,log,2002-09-13,log
코스피 200,002250,근화제약,2001-09-28,log,2003-06-13,log
코스피 200,000480,조선내화,2001-10-29,log,2006-06-09,log
코스피 200,005890,동원증권,2001-11-09,log,2002-06-14,log
코스피 200,060000,국민은행,2001-11-12,log,2008-10-31,synthetic
코스피 200,002900,동양물산,2001-12-27,log,2002-06-14,log
코스피 200,006660,삼성공조,2002-01-30,log,2004-06-11,log
코스피 200,009080,퍼시픽글라스,2002-03-22,log,2005-07-14,log
코스피 200,001820,삼화콘덴서,2002-03-25,log,2002-06-14,log
코스피 200,000180,성창기업,2002-06-14,log,2004-06-11,log
코스피 200,000720,현대건설,2002-06-14,log,,
코스피 200,000970,한국주철관,2002-06-14,log,2004-06-11,log
코스피 200,002270,롯데푸드,2002-06-14,log,2020-12-11,log
코스피 200,003120,일성신약,2002-06-14,log,2004-06-11,log
코스피 200,003410,쌍용C&E,2002-06-14,log,2024-06-14,log
코스피 200,003620,KG모빌리티,2002-06-14,log,2009-01-13,log
코스피 200,004130,대덕GDS,2002-06-14,log,2012-06-15,log
코스피 200,005010,휴스틸,2002-06-14,log,2004-06-11,log
코스피 200,005440,현대그린푸드,2002-06-14,log,2003-06-13,log
코스피 200,005680,삼영전자,2002-06-14,log,2012-06-15,log
코스피 200,006380,카프로,2002-06-14,log,2004-06-11,log
코스피 200,006600,동신제약,2002-06-14,log,2004-06-11,log
코스피 200,006840,AK홀딩스,2002-06-14,log,2010-06-11,log
코스피 200,008970,동양철관,2002-06-14,log,2004-06-11,log
코스피 200,011230,삼화전자,2002-06-14,log,2003-06-13,log
코스피 200,011840,계몽사,2002-06-14,log,2003-04-30,log
코스피 200,015670,AP우주통신,2002-06-14,log,2003-06-13,log
코스피 200,017900,광전자,2002-06-14,log,2004-12-10,log
코스피 200,024070,WISCOM,2002-06-14,log,2004-06-11,log
코스피 200,025540,한국단자,2002-06-14,log,2020-06-12,log
코스피 200,032710,LG카드,2002-06-14,log,2004-03-29,log
코스피 200,034020,두산에너빌리티,2002-06-14,log,,
코스피 200,042660,한화오션,2002-06-14,log,2017-05-11,log
코스피 200,042670,HD현대인프라코어,2002-06-14,log,2025-12-29,log
코스피 200,047040,대우건설,2002-06-14,log,,
코스피 200,051900,LG생활건강,2002-06-14,log,,
코스피 200,051910,LG화학,2002-06-14,log,,
코스피 200,066570,LG전자,2002-06-14,log,,
코스피 200,053000,우리금융,2002-09-13,log,2014-11-28,synthetic
코스피 200,015260,큐엔텍코리아,2002-12-09,log,2003-06-13,log
코스피 200,002860,하나은행,2002-12-16,log,2006-01-31,synthetic
코스피 200,008770,호텔신라,2003-02-27,log,2003-06-13,log
코스피 200,001120,LX인터내셔널,2003-04-01,log,2025-06-13,log
코스피 200,001620,동국실업,2003-04-23,log,2003-06-13,log
코스피 200,005190,동성화학,2003-04-30,log,2003-06-13,log
코스피 200,000950,전방,2003-06-13,log,2004-01-02,log
코스피 200,001020,페이퍼코리아,2003-06-13,log,2004-06-11,log
코스피 200,001370,FnC코오롱,2003-06-13,log,2009-06-12,log
코스피 200,002240,고려제강,2003-06-13,log,2020-09-11,log
코스피 200,003660,고려시멘트,2003-06-13,log,2005-06-10,log
코스피 200,004010,롯데미도파,2003-06-13,log,2004-06-11,log
코스피 200,005070,코스모신소재,2003-06-13,log,2006-06-09,log
코스피 200,005280,부산은행,2003-06-13,log,2011-03-31,synthetic
코스피 200,005870,휴니드,2003-06-13,log,2004-06-11,log
코스피 200,006250,극동전선,2003-06-13,log,2004-06-11,log
코스피 200,007340,DN오토모티브,2003-06-13,log,2006-06-09,log
코스피 200,008000,도레이케미칼,2003-06-13,log,2015-06-12,log
코스피 200,008350,남선알미늄,2003-06-13,log,2004-06-11,log
코스피 200,008490,서흥,2003-06-13,log,2004-06-11,log
코스피 200,008900,트라이브랜즈,2003-06-13,log,2008-06-13,log
코스피 200,011020,코오롱유화,2003-06-13,log,2007-06-29,synthetic
코스피 200,012990,LG석유화학,2003-06-13,log,2007-10-30,log
코스피 200,015860,일진홀딩스,2003-06-13,log,2009-06-12,log
코스피 200,015890,태경산업,2003-06-13,log,2006-06-09,log
코스피 200,020760,일진디스플,2003-06-13,log,2005-06-10,log
코스피 200,021240,코웨이,2003-06-13,log,,
코스피 200,024720,한국콜마,2003-06-13,log,2004-06-11,log
코스피 200,027840,고덴시,2003-06-13,log,2004-06-11,log
코스피 200,049770,동원F&B,2003-06-13,log,2009-06-12,log
코스피 200,064960,SNT모티브,2003-06-13,log,2022-06-10,log
코스피 200,002540,현대페스,2003-10-14,log,2004-06-11,log
코스피 200,011090,에넥스,2004-01-02,log,2004-06-11,log
코스피 200,005270,대구은행,2004-03-29,log,2011-06-30,synthetic
코스피 200,001510,SK증권,2004-03-31,log,2004-06-11,log
코스피 200,000050,경방,2004-06-11,log,2005-06-10,log
코스피 200,000430,대원강업,2004-06-11,log,2008-06-13,log
코스피 200,000670,영풍,2004-06-11,log,2024-12-13,log
코스피 200,001130,대한제분,2004-06-11,log,2013-06-14,log
코스피 200,001230,동국제강,2004-06-11,log,2023-06-21,log
코스피 200,001430,세아베스틸지주,2004-06-11,log,2020-12-11,log
코스피 200,002390,한독약품,2004-06-11,log,2007-06-15,log
코스피 200,003200,일신방직,2004-06-11,log,2006-06-09,log
코스피 200,003240,태광산업,2004-06-11,log,2023-12-15,log
코스피 200,003570,S&T중공업,2004-06-11,log,2017-06-09,log
코스피 200,003640,유니온스틸,2004-06-11,log,2012-06-15,log
코스피 200,003920,남양유업,2004-06-11,log,2020-06-12,log
코스피 200,003960,대림수산,2004-06-11,log,2004-06-29,log
코스피 200,004560,BNG스틸,2004-06-11,log,2006-06-09,log
코스피 200,004710,한솔테크닉스,2004-06-11,log,2005-06-10,log
코스피 200,004990,롯데지주,2004-06-11,log,,
코스피 200,005300,롯데칠성,2004-06-11,log,,
코스피 200,005850,에스엘,2004-06-11,log,2008-06-13,log
코스피 200,006280,녹십자,2004-06-11,log,,
코스피 200,007660,이수페타시스,2004-06-11,log,2006-06-09,log
코스피 200,010820,퍼스텍,2004-06-11,log,2007-06-15,log
코스피 200,011200,HMM,2004-06-11,log,2016-03-16,log
코스피 200,013570,디와이,2004-06-11,log,2010-06-11,log
코스피 200,016800,퍼시스,2004-06-11,log,2012-06-15,log
코스피 200,017300,KDS,2004-06-11,log,2005-04-01,log
코스피 200,024110,기업은행,2004-06-11,log,,
코스피 200,032390,KTF,2004-06-11,log,2009-06-12,log
코스피 200,034120,SBS,2004-06-11,log,2019-06-14,log
코스피 200,035250,강원랜드,2004-06-11,log,,
코스피 200,036530,S&T홀딩스,2004-06-11,log,2008-06-13,log
코스피 200,036570,엔씨소프트,2004-06-11,log,,
코스피 200,042100,현대오토넷,2004-06-11,log,2009-06-23,log
코스피 200,058430,포스코강판,2004-06-11,log,2008-06-13,log
코스피 200,064420,케이피케미칼,2004-06-11,log,2012-12-20,log
코스피 200,068870,LG생명과학,2004-06-11,log,2016-12-28,log
코스피 200,069260,TKG휴켐스,2004-06-11,log,,
코스피 200,069620,대웅제약,2004-06-11,log,,
코스피 200,069960,현대백화점,2004-06-11,log,,
코스피 200,033530,세종공업,2004-06-29,log,2007-06-15,log
코스피 200,005420,코스모화학,2004-07-01,log,2005-06-10,log
코스피 200,034220,LG디스플레이,2004-12-10,log,,
코스피 200,003690,코리안리,2004-12-21,log,2009-06-12,log
코스피 200,005740,크라운해태홀딩스,2005-04-01,log,2009-03-13,log
코스피 200,017900,광전자,2005-04-01,log,2005-06-10,log
코스피 200,001520,동양,2005-06-10,log,2013-10-02,log
코스피 200,001630,종근당홀딩스,2005-06-10,log,2014-06-13,log
코스피 200,003520,영진약품,2005-06-10,log,2010-09-10,log
코스피 200,006380,카프로,2005-06-10,log,2007-09-14,log
코스피 200,019680,대교,2005-06-10,log,2020-12-11,log
코스피 200,025750,한솔홈데코,2005-06-10,log,2007-06-15,log
코스피 200,047050,포스코인터내셔널,2005-06-10,log,,
코스피 200,063350,팬택앤큐리텔,2005-06-10,log,2007-04-12,log
코스피 200,067250,STX조선해양,2005-06-10,log,2013-08-19,log
코스피 200,071050,한국금융지주,2005-06-10,log,,
코스피 200,007190,이엔페이퍼,2005-07-14,log,2008-06-13,log
코스피 200,086790,하나금융지주,2005-12-13,log,,
코스피 200,000230,일동홀딩스,2006-06-09,log,2011-06-10,log
코스피 200,001740,SK네트웍스,2006-06-09,log,2025-06-13,log
코스피 200,002000,한국유리,2006-06-09,log,2009-06-12,log
코스피 200,002630,오리엔트바이오,2006-06-09,log,2008-06-13,log
코스피 200,003230,삼양식품,2006-06-09,log,2008-06-13,log
코스피 200,004710,한솔테크닉스,2006-06-09,log,2018-03-09,log
코스피 200,007570,일양약품,2006-06-09,log,2021-12-10,log
코스피 200,010780,아이에스동서,2006-06-09,log,2008-06-13,log
코스피 200,013240,셀런,2006-06-09,log,2009-06-12,log
코스피 200,014820,동원시스템즈,2006-06-09,log,2011-06-10,log
코스피 200,023530,롯데쇼핑,2006-06-09,log,,
코스피 200,032710,LG카드,2006-06-09,log,2007-06-15,log
코스피 200,073240,금호타이어,2006-06-09,log,2010-04-02,log
코스피 200,077970,STX엔진,2006-06-09,log,2014-04-14,log
코스피 200,078930,GS,2006-06-09,log,,
코스피 200,015890,태경산업,2007-04-12,log,2007-06-15,log
코스피 200,016580,환인제약,2007-04-12,log,2008-06-13,log
코스피 200,004230,세신,2007-04-27,log,2007-06-15,log
코스피 200,000020,동화약품,2007-06-15,log,2011-06-10,log
코스피 200,000480,조선내화,2007-06-15,log,2013-06-14,log
코스피 200,003120,일성신약,2007-06-15,log,2013-01-03,log
코스피 200,003830,대한화섬,2007-06-15,log,2008-07-02,log
코스피 200,011000,VGX인터,2007-06-15,log,2008-06-13,log
코스피 200,017960,한국카본,2007-06-15,log,2011-06-10,log
코스피 200,027970,세하,2007-06-15,log,2010-06-11,log
코스피 200,028050,삼성E&A,2007-06-15,log,,
코스피 200,037620,미래에셋증권,2007-06-15,log,2016-12-21,log
코스피 200,042700,한미반도체,2007-06-15,log,2009-06-12,log
코스피 200,084870,TBH글로벌,2007-06-15,log,2009-06-12,log
코스피 200,003550,LG,2007-09-14,log,,
코스피 200,096770,SK이노베이션,2007-09-14,log,,
코스피 200,006380,카프로,2007-10-30,log,2015-06-12,log
코스피 200,000050,경방,2008-06-13,log,2013-06-14,log
코스피 200,004560,BNG스틸,2008-06-13,log,2009-06-12,log
코스피 200,008320,한국기술산업,2008-06-13,log,2010-02-25,log
코스피 200,011400,케이씨오에너지,2008-06-13,log,2010-04-02,log
코스피 200,011810,STX,2008-06-13,log,2013-09-02,log
코스피 200,014830,유니드,2008-06-13,log,2020-12-11,log
코스피 200,014990,인디에프,2008-06-13,log,2010-06-11,log
코스피 200,015590,대경기계,2008-06-13,log,2011-06-10,log
코스피 200,025850,KPX화인케미칼,2008-06-13,log,2012-06-15,log
코스피 200,084010,대한제강,2008-06-13,log,2012-06-15,log
코스피 200,090430,아모레퍼시픽,2008-06-13,log,,
코스피 200,091090,세원셀론텍,2008-06-13,log,2011-06-10,log
코스피 200,093050,LF,2008-06-13,log,2020-12-11,log
코스피 200,093370,후성,2008-06-13,log,,
코스피 200,009440,KC그린홀딩스,2008-07-02,log,2010-06-11,log
코스피 200,105560,KB금융,2008-10-13,log,,
코스피 200,005090,삼광글라스,2009-01-13,log,2017-06-09,log
코스피 200,035420,NAVER,2009-03-13,log,,
코스피 200,000120,CJ대한통운,2009-06-12,log,,
코스피 200,001790,대한제당,2009-06-12,log,2011-06-10,log
코스피 200,002390,한독약품,2009-06-12,log,2011-06-10,log
코스피 200,004490,세방전지,2009-06-12,log,,
코스피 200,007340,DN오토모티브,2009-06-12,log,2017-12-15,log
코스피 200,009580,무림P&P,2009-06-12,log,2016-06-10,log
코스피 200,009680,모토닉,2009-06-12,log,2016-06-10,log
코스피 200,028670,팬오션,2009-06-12,log,2013-06-11,log
코스피 200,029780,삼성카드,2009-06-12,log,,
코스피 200,051310,포스코플랜텍,2009-06-12,log,2015-06-12,log
코스피 200,085310,엔케이,2009-06-12,log,2011-06-10,log
코스피 200,097230,한진중공업,2009-06-12,log,2019-04-15,log
코스피 200,097950,CJ제일제당,2009-06-12,log,,
코스피 200,005500,삼진제약,2009-06-23,log,2011-06-10,log
코스피 200,100840,S&TC,2010-02-25,log,2011-06-10,log
코스피 200,004890,동일산업,2010-04-02,log,2010-06-11,log
코스피 200,010780,아이에스동서,2010-04-02,log,2010-06-11,log
코스피 200,003190,알앤엘바이오,2010-06-11,log,2013-04-03,log
코스피 200,004430,송원산업,2010-06-11,log,2015-06-12,log
코스피 200,011070,LG이노텍,2010-06-11,log,,
코스피 200,032640,LG유플러스,2010-06-11,log,,
코스피 200,086280,현대글로비스,2010-06-11,log,,
코스피 200,103140,풍산,2010-06-11,log,,
코스피 200,103150,하이트맥주,2010-06-11,log,2011-08-30,log
코스피 200,103590,일진전기,2010-06-11,log,2013-06-14,log
코스피 200,104700,한국철강,2010-06-11,log,2017-06-09,log
코스피 200,108670,LX하우시스,2010-06-11,log,2021-12-10,log
코스피 200,032830,삼성생명,2010-09-10,log,,
코스피 200,003520,영진약품,2011-01-31,log,2011-06-10,log
코스피 200,138930,BNK금융지주,2011-03-31,log,,
코스피 200,139130,iM금융지주,2011-06-08,log,2011-06-10,log
코스피 200,000080,하이트진로,2011-06-10,log,,
코스피 200,002960,한국쉘석유,2011-06-10,log,2020-06-12,log
코스피 200,003620,KG모빌리티,2011-06-10,log,2020-06-12,log
코스피 200,005850,에스엘,2011-06-10,log,2020-06-12,log
코스피 200,007690,국도화학,2011-06-10,log,2017-06-09,log
코스피 200,007860,서연,2011-06-10,log,2016-06-10,log
코스피 200,010690,화신,2011-06-10,log,2016-06-10,log
코스피 200,010780,아이에스동서,2011-06-10,log,2024-06-14,log
코스피 200,013570,디와이,2011-06-10,log,2015-06-12,log
코스피 200,017900,광전자,2011-06-10,log,2012-06-15,log
코스피 200,020760,일진디스플,2011-06-10,log,2015-06-12,log
코스피 200,033530,세종공업,2011-06-10,log,2016-06-10,log
코스피 200,034730,SK,2011-06-10,log,,
코스피 200,052690,한전기술,2011-06-10,log,,
코스피 200,071970,HD현대마린엔진,2011-06-10,log,2012-06-15,log
코스피 200,073240,금호타이어,2011-06-10,log,,
코스피 200,084870,TBH글로벌,2011-06-10,log,2016-06-10,log
코스피 200,088350,한화생명,2011-06-10,log,,
코스피 200,115390,락앤락,2011-06-10,log,2021-09-10,log
코스피 200,120110,코오롱인더,2011-06-10,log,,
코스피 200,008040,동아원,2011-08-30,log,2013-06-14,log
코스피 200,000430,대원강업,2012-06-15,log,2015-06-12,log
코스피 200,005690,파미셀,2012-06-15,log,2014-06-13,log
코스피 200,005950,이수화학,2012-06-15,log,2015-03-13,log
코스피 200,009420,한올바이오파마,2012-06-15,log,2014-06-13,log
코스피 200,011210,현대위아,2012-06-15,log,,
코스피 200,020150,롯데에너지머티리얼즈,2012-06-15,log,2024-06-14,log
코스피 200,033920,무학,2012-06-15,log,2019-06-14,log
코스피 200,060980,한라홀딩스,2012-06-15,log,2020-12-11,log
코스피 200,082740,한화엔진,2012-06-15,log,2016-06-10,log
코스피 200,103130,웅진에너지,2012-06-15,log,2014-06-13,log
코스피 200,128940,한미약품,2012-06-15,log,,
코스피 200,078520,에이블씨엔씨,2012-12-20,log,2018-06-15,log
코스피 200,105630,한세실업,2013-01-03,log,2025-06-13,log
코스피 200,049770,동원F&B,2013-04-03,log,2022-03-11,log
코스피 200,005830,DB손해보험,2013-04-24,log,,
코스피 200,004130,대덕GDS,2013-06-14,log,2015-06-12,log
코스피 200,007070,GS리테일,2013-06-14,log,,
코스피 200,007810,코리아써키트,2013-06-14,log,2015-06-12,log
코스피 200,016800,퍼시스,2013-06-14,log,2015-06-12,log
코스피 200,044820,코스맥스비티아이,2013-06-14,log,2014-06-13,log
코스피 200,047810,한국항공우주,2013-06-14,log,,
코스피 200,079980,휴비스,2013-06-14,log,2016-06-10,log
코스피 200,139480,이마트,2013-06-14,log,,
코스피 200,003520,영진약품,2013-08-19,log,2022-06-10,log
코스피 200,008770,호텔신라,2013-09-02,log,,
코스피 200,005740,크라운해태홀딩스,2013-10-02,log,2017-06-09,log
코스피 200,033240,자화전자,2014-04-14,log,2015-06-12,log
코스피 200,005610,SPC삼립,2014-06-13,log,2021-06-11,log
코스피 200,008490,서흥,2014-06-13,log,2017-06-09,log
코스피 200,009290,광동제약,2014-06-13,log,2018-06-15,log
코스피 200,051600,한전KPS,2014-06-13,log,,
코스피 200,161390,한국타이어앤테크놀로지,2014-06-13,log,,
코스피 200,161890,한국콜마,2014-06-13,log,,
코스피 200,170900,동아에스티,2014-06-13,log,2020-12-11,log
코스피 200,000480,조선내화,2014-06-27,log,2016-06-10,log
코스피 200,114090,GKL,2014-09-12,log,,
코스피 200,000030,우리은행,2014-11-20,log,2019-02-28,synthetic
코스피 200,018260,삼성에스디에스,2015-03-13,log,,
코스피 200,028260,삼성물산,2015-03-13,log,,
코스피 200,005950,이수화학,2015-04-14,log,2015-06-12,log
코스피 200,000050,경방,2015-06-12,log,2018-06-15,log
코스피 200,000230,일동홀딩스,2015-06-12,log,2017-06-09,log
코스피 200,004700,조광피혁,2015-06-12,log,2017-06-09,log
코스피 200,009240,한샘,2015-06-12,log,,
코스피 200,014680,한솔케미칼,2015-06-12,log,,
코스피 200,014820,동원시스템즈,2015-06-12,log,,
코스피 200,036580,팜스코,2015-06-12,log,2019-06-14,log
코스피 200,042700,한미반도체,2015-06-12,log,2016-06-10,log
코스피 200,064350,현대로템,2015-06-12,log,,
코스피 200,079430,현대리바트,2015-06-12,log,2020-06-12,log
코스피 200,145990,삼양사,2015-06-12,log,2021-06-11,log
코스피 200,185750,종근당,2015-06-12,log,,
코스피 200,192820,코스맥스,2015-06-12,log,,
코스피 200,003200,일신방직,2015-06-29,log,2017-06-09,log
코스피 200,111770,영원무역,2015-08-03,log,,
코스피 200,005440,현대그린푸드,2015-09-01,log,2023-04-13,log
코스피 200,057050,현대홈쇼핑,2016-03-16,log,2023-12-15,log
코스피 200,000990,DB하이텍,2016-06-10,log,2024-06-14,log
코스피 200,001060,JW중외제약,2016-06-10,log,2021-09-10,log
코스피 200,001520,동양,2016-06-10,log,2020-06-12,log
코스피 200,002620,제일파마홀딩스,2016-06-10,log,2017-09-15,log
코스피 200,003850,보령,2016-06-10,log,2023-12-15,log
코스피 200,007210,벽산,2016-06-10,log,2017-06-09,log
코스피 200,008930,한미사이언스,2016-06-10,log,,
코스피 200,009420,한올바이오파마,2016-06-10,log,,
코스피 200,027410,BGF,2016-06-10,log,2020-12-11,log
코스피 200,192400,쿠쿠홀딩스,2016-06-10,log,2022-06-10,log
코스피 200,204320,HL만도,2016-06-10,log,,
코스피 200,001450,현대해상,2016-10-17,log,,
코스피 200,008560,메리츠증권,2016-12-21,log,2023-04-03,log
코스피 200,001780,알루코,2016-12-28,log,2017-09-15,log
코스피 200,267250,HD현대,2017-05-11,log,,
코스피 200,005250,녹십자홀딩스,2017-06-09,log,,
코스피 200,006360,GS건설,2017-06-09,log,,
코스피 200,006840,AK홀딩스,2017-06-09,log,2020-06-12,log
코스피 200,026960,동서,2017-06-09,log,,
코스피 200,028670,팬오션,2017-06-09,log,,
코스피 200,079160,CJ CGV,2017-06-09,log,2022-06-10,log
코스피 200,079550,LIG넥스원,2017-06-09,log,,
코스피 200,096760,JW홀딩스,2017-06-09,log,2020-06-12,log
코스피 200,207940,삼성바이오로직스,2017-06-09,log,,
코스피 200,214320,이노션,2017-06-09,log,2021-12-10,log
코스피 200,251270,넷마블,2017-06-09,log,,
코스피 200,271560,오리온,2017-07-10,log,,
코스피 200,035720,카카오,2017-09-15,log,,
코스피 200,282330,BGF리테일,2017-12-11,log,,
코스피 200,285130,SK케미칼,2018-01-08,log,,
코스피 200,068270,셀트리온,2018-03-09,log,,
코스피 200,294870,HDC현대산업개발,2018-06-14,log,2023-12-15,log
코스피 200,042660,한화오션,2018-06-15,log,,
코스피 200,071840,롯데하이마트,2018-06-15,log,2021-12-10,log
코스피 200,241560,두산밥캣,2018-06-15,log,,
코스피 200,298040,효성중공업,2018-07-16,log,2020-06-12,log
코스피 200,316140,우리금융지주,2019-02-13,log,,
코스피 200,006390,한일현대시멘트,2019-06-14,log,2021-06-11,log
코스피 200,018250,애경산업,2019-06-14,log,2021-06-11,log
코스피 200,031430,신세계인터내셔날,2019-06-14,log,2024-03-15,log
코스피 200,081660,미스토홀딩스,2019-06-14,log,,
코스피 200,003670,포스코퓨처엠,2020-06-12,log,,
코스피 200,007700,F&F홀딩스,2020-06-12,log,2021-12-10,log
코스피 200,009410,태영건설,2020-06-12,log,2021-06-11,log
코스피 200,011200,HMM,2020-06-12,log,,
코스피 200,016380,KG스틸,2020-06-12,log,2024-12-13,log
코스피 200,020560,아시아나항공,2020-06-12,log,2024-06-14,log
코스피 200,032350,롯데관광개발,2020-06-12,log,2024-12-13,log
코스피 200,180640,한진칼,2020-06-12,log,,
코스피 200,192080,더블유게임즈,2020-06-12,log,,
코스피 200,241590,화승엔터프라이즈,2020-06-12,log,2023-06-09,log
코스피 200,284740,쿠쿠홈시스,2020-06-12,log,2023-12-15,log
코스피 200,326030,SK바이오팜,2020-09-11,log,,
코스피 200,003090,대웅,2020-12-11,log,,
코스피 200,003230,삼양식품,2020-12-11,log,2021-12-10,log
코스피 200,008350,남선알미늄,2020-12-11,log,2021-06-11,log
코스피 200,013890,지누스,2020-12-11,log,2023-12-15,log
코스피 200,019170,신풍제약,2020-12-11,log,2024-06-14,log
코스피 200,039490,키움증권,2020-12-11,log,,
코스피 200,112610,씨에스윈드,2020-12-11,log,,
코스피 200,272210,한화시스템,2020-12-11,log,,
코스피 200,336260,두산퓨얼셀,2020-12-11,log,2025-06-13,log
코스피 200,352820,하이브,2020-12-11,log,,
코스피 200,375500,DL이앤씨,2021-01-26,log,,
코스피 200,383800,LX홀딩스,2021-05-28,log,2021-12-10,log
코스피 200,001440,대한전선,2021-06-11,log,,
코스피 200,006040,동원산업,2021-06-11,log,2023-06-09,log
코스피 200,298020,효성티앤씨,2021-06-11,log,,
코스피 200,298050,HS효성첨단소재,2021-06-11,log,,
코스피 200,302440,SK바이오사이언스,2021-06-11,log,,
코스피 200,361610,SK아이이테크놀로지,2021-06-11,log,,
코스피 200,259960,크래프톤,2021-09-10,log,,
코스피 200,323410,카카오뱅크,2021-09-10,log,,
코스피 200,402340,SK스퀘어,2021-11-30,log,,
코스피 200,005850,에스엘,2021-12-10,log,,
코스피 200,009900,명신산업,2021-12-10,log,2024-12-13,log
코스피 200,138040,메리츠금융지주,2021-12-10,log,,
코스피 200,178920,PI첨단소재,2021-12-10,log,2025-06-13,log
코스피 200,329180,HD현대중공업,2021-12-10,log,,
코스피 200,377300,카카오페이,2021-12-10,log,,
코스피 200,373220,LG에너지솔루션,2022-03-11,log,,
코스피 200,000060,메리츠화재,2022-06-10,log,2023-01-30,log
코스피 200,039130,하나투어,2022-06-10,log,2025-12-12,log
코스피 200,137310,에스디바이오센서,2022-06-10,log,,
코스피 200,271940,일진하이솔루스,2022-06-10,log,2025-06-13,log
코스피 200,300720,한일시멘트,2022-06-10,log,,
코스피 200,381970,케이카,2022-06-10,log,2023-12-15,log
코스피 200,383220,F&F,2022-06-10,log,,
코스피 200,280360,롯데웰푸드,2022-12-09,log,,
코스피 200,175330,JB금융지주,2023-01-30,log,,
코스피 200,139130,iM금융지주,2023-04-03,log,,
코스피 200,003230,삼양식품,2023-04-13,log,,
코스피 200,001570,금양,2023-06-09,log,2025-03-10,log
코스피 200,005420,코스모화학,2023-06-09,log,,
코스피 200,008730,율촌화학,2023-06-21,log,,
코스피 200,001430,세아베스틸지주,2023-12-15,log,,
코스피 200,002710,TCC스틸,2023-12-15,log,2025-12-12,log
코스피 200,003620,KG모빌리티,2023-12-15,log,2025-12-12,log
코스피 200,006110,삼아알미늄,2023-12-15,log,2025-06-13,log
코스피 200,009970,영원무역홀딩스,2023-12-15,log,,
코스피 200,145720,덴티움,2023-12-15,log,2025-12-12,log
코스피 200,267260,HD현대일렉트릭,2023-12-15,log,,
코스피 200,450080,에코프로머티,2023-12-15,log,,
코스피 200,022100,포스코DX,2024-03-15,log,,
코스피 200,003030,세아제강지주,2024-06-14,log,,
코스피 200,005070,코스모신소재,2024-06-14,log,2025-06-13,log
코스피 200,042700,한미반도체,2024-06-14,log,,
코스피 200,066970,엘앤에프,2024-06-14,log,,
코스피 200,454910,두산로보틱스,2024-06-14,log,,
코스피 200,457190,이수스페셜티케미컬,2024-06-14,log,,
코스피 200,489790,한화비전,2024-09-30,log,2025-12-12,log
코스피 200,002840,미원상사,2024-12-13,log,,
코스피 200,278470,에이피알,2024-12-13,log,,
코스피 200,298040,효성중공업,2024-12-13,log,,
코스피 200,456040,OCI,2024-12-13,log,2025-12-12,log
코스피 200,003240,태광산업,2025-03-10,log,,
코스피 200,000670,영풍,2025-06-13,log,,
코스피 200,006040,동원산업,2025-06-13,log,,
코스피 200,007340,DN오토모티브,2025-06-13,log,,
코스피 200,012630,HDC,2025-06-13,log,2025-12-12,log
코스피 200,017960,한국카본,2025-06-13,log,,
코스피 200,071320,지역난방공사,2025-06-13,log,,
코스피 200,268280,미원에스씨,2025-06-13,log,,
코스피 200,443060,HD현대마린솔루션,2025-06-13,log,,
코스피 200,0126Z0,삼성에피스홀딩스,2025-11-25,log,,
코스피 200,002030,아세아,2025-12-12,log,,
코스피 200,007660,이수페타시스,2025-12-12,log,,
코스피 200,034230,파라다이스,2025-12-12,log,,
코스피 200,062040,산일전기,2025-12-12,log,,
코스피 200,064400,LG씨엔에스,2025-12-12,log,,
코스피 200,082740,한화엔진,2025-12-12,log,,
코스피 200,307950,현대오토에버,2025-12-12,log,,
코스피 200,071970,HD현대마린엔진,2025-12-29,log,,
코스닥 150,003670,포스코케미칼,,initial,2019-05-31,synthetic
코스닥 150,005160,동국산업,,initial,2015-12-11,log
코스닥 150,005290,동진쎄미켐,,initial,,
코스닥 150,005990,매일홀딩스,,initial,2011-12-09,log
코스닥 150,006730,서부T&D,,initial,,
코스닥 150,010670,나노트로닉스,,initial,2010-06-11,log
코스닥 150,011040,경동제약,,initial,2010-06-11,log
코스닥 150,012650,쌍용건설,,initial,2010-06-11,log
코스닥 150,013030,하이록코리아,,initial,2017-12-15,log
코스닥 150,014620,성광벤드,,initial,2020-12-11,log
코스닥 150,015750,성우하이텍,,initial,2020-12-11,log
코스닥 150,017890,한국알콜,,initial,2010-06-11,log
코스닥 150,018000,유니슨,,initial,2014-03-26,log
코스닥 150,018120,진로발효,,initial,2011-12-09,log
코스닥 150,021320,KCC건설,,initial,2013-06-14,log
코스닥 150,022100,포스코DX,,initial,2024-01-02,log
코스닥 150,022520,코오롱아이넷,,initial,2011-06-10,log
코스닥 150,023160,태광,,initial,2020-12-11,log
코스닥 150,023410,유진기업,,initial,2023-06-09,log
코스닥 150,023890,아트라스BX,,initial,2016-04-08,log
코스닥 150,024660,하림홀딩스,,initial,2012-12-14,log
코스닥 150,024950,삼천리자전거,,initial,2017-06-09,log
코스닥 150,025900,동화기업,,initial,2011-06-10,log
코스닥 150,026150,특수건설,,initial,2010-12-10,log
코스닥 150,026960,동서,,initial,2016-07-29,synthetic
코스닥 150,028080,휴맥스홀딩스,,initial,2010-06-11,log
코스닥 150,028150,GS홈쇼핑,,initial,2021-06-29,log
코스닥 150,030350,드래곤플라이,,initial,2014-06-13,log
코스닥 150,032290,알티전자,,initial,2011-03-29,log
코스닥 150,033050,제이엠아이,,initial,2011-06-10,log
코스닥 150,033160,엠케이전자,,initial,2010-12-10,log
코스닥 150,033630,SK브로드밴드,,initial,2015-06-12,log
코스닥 150,033640,네패스,,initial,2014-12-12,log
코스닥 150,034230,파라다이스,,initial,2024-06-24,log
코스닥 150,034600,글로웍스,,initial,2010-12-10,log
코스닥 150,035080,그래디언트,,initial,2018-12-14,log
코스닥 150,035720,카카오,,initial,2017-07-31,synthetic
코스닥 150,035760,CJ ENM,,initial,,
코스닥 150,035890,서희건설,,initial,2014-06-13,log
코스닥 150,036030,KTH,,initial,2016-12-09,log
코스닥 150,036490,SK머티리얼즈,,initial,2021-11-29,log
코스닥 150,036560,영풍정밀,,initial,2015-12-11,log
코스닥 150,036830,솔브레인홀딩스,,initial,,
코스닥 150,036930,주성엔지니어링,,initial,2014-12-12,log
코스닥 150,037150,CJ인터넷,,initial,2011-03-21,log
코스닥 150,037440,희림,,initial,2012-06-15,log
코스닥 150,038060,루멘스,,initial,2015-12-11,log
코스닥 150,038500,삼표시멘트,,initial,2013-10-08,log
코스닥 150,039030,이오테크닉스,,initial,,
코스닥 150,039230,TSC 멤시스,,initial,2010-06-11,log
코스닥 150,039530,씨앤케이인터,,initial,2012-03-28,log
코스닥 150,040160,누리텔레콤,,initial,2010-12-10,log
코스닥 150,040300,YTN,,initial,2010-12-10,log
코스닥 150,040740,아인스M&M,,initial,2010-06-11,log
코스닥 150,041020,인프라웨어,,initial,2014-12-12,log
코스닥 150,041960,코미팜,,initial,2024-06-14,log
코스닥 150,042420,네오위즈,,initial,2010-12-10,log
코스닥 150,043150,바텍,,initial,2010-06-11,log
코스닥 150,044490,태웅,,initial,2020-06-12,log
코스닥 150,045100,한양이엔지,,initial,2011-06-10,log
코스닥 150,045390,대아티아이,,initial,2013-06-14,log
코스닥 150,045890,동부라이텍,,initial,2011-12-09,log
코스닥 150,046140,SBS콘텐츠허브,,initial,2016-06-10,log
코스닥 150,046210,파나진,,initial,2012-06-15,log
코스닥 150,046890,서울반도체,,initial,,
코스닥 150,047310,파워로직스,,initial,2014-06-13,log
코스닥 150,048260,오스템임플란트,,initial,2022-03-16,log
코스닥 150,049070,인탑스,,initial,2014-12-12,log
코스닥 150,049690,포휴먼,,initial,2011-04-01,log
코스닥 150,050050,유아이에너지,,initial,2011-12-09,log
코스닥 150,052330,코텍,,initial,2010-06-11,log
코스닥 150,052420,오성엘에스티,,initial,2013-06-14,log
코스닥 150,052770,와이디온라인,,initial,2010-06-11,log
코스닥 150,052790,액토즈소프트,,initial,2010-12-10,log
코스닥 150,053030,바이넥스,,initial,2010-12-10,log
코스닥 150,053320,테라리소스,,initial,2013-12-13,log
코스닥 150,053660,현진소재,,initial,2013-12-13,log
코스닥 150,053800,안랩,,initial,,
코스닥 150,054050,농우바이오,,initial,2011-06-10,log
코스닥 150,054340,피앤텔,,initial,2011-06-10,log
코스닥 150,054450,텔레칩스,,initial,2010-12-10,log
코스닥 150,054540,삼영엠텍,,initial,2011-06-10,log
코스닥 150,054670,대한뉴팜,,initial,2011-12-09,log
코스닥 150,054800,아이디스홀딩스,,initial,2012-06-15,log
코스닥 150,054940,엑사이엔씨,,initial,2010-12-10,log
코스닥 150,054950,제이브이엠,,initial,2018-12-14,log
코스닥 150,056190,에스에프에이,,initial,,
코스닥 150,056700,신화인터텍,,initial,2012-06-15,log
코스닥 150,058630,엠게임,,initial,2010-12-10,log
코스닥 150,060150,인선이엔티,,initial,2013-06-14,log
코스닥 150,060280,큐렉소,,initial,2012-12-14,log
코스닥 150,060720,KH바텍,,initial,2017-12-15,log
코스닥 150,060750,제이콤,,initial,2011-04-08,log
코스닥 150,061460,한진피앤씨,,initial,2013-06-14,log
코스닥 150,064260,다날,,initial,2015-06-12,log
코스닥 150,064760,티씨케이,,initial,2013-06-14,log
코스닥 150,065130,탑엔지니어링,,initial,2010-06-11,log
코스닥 150,065160,에프티이앤이,,initial,2011-12-09,log
코스닥 150,065680,우주일렉트로,,initial,2014-06-13,log
코스닥 150,065690,대진디엠피,,initial,2010-06-11,log
코스닥 150,066270,SK컴즈,,initial,2016-03-16,log
코스닥 150,066340,케이에스알,,initial,2010-12-10,log
코스닥 150,066700,테라젠,,initial,2010-06-11,log
코스닥 150,066930,에스디,,initial,2010-06-18,log
코스닥 150,066970,엘앤에프,,initial,2012-12-14,log
코스닥 150,067280,멀티캠퍼스,,initial,2016-12-09,log
코스닥 150,067290,JW신약,,initial,2010-06-11,log
코스닥 150,068270,셀트리온,,initial,2018-02-28,synthetic
코스닥 150,068760,셀트리온제약,,initial,2014-06-13,log
코스닥 150,068790,DMS,,initial,2012-12-14,log
코스닥 150,069080,웹젠,,initial,2022-06-10,log
코스닥 150,071660,SSCP,,initial,2012-09-24,log
코스닥 150,071670,에이테크솔루션,,initial,2012-12-14,log
코스닥 150,072020,중앙백신,,initial,2010-06-11,log
코스닥 150,072870,메가스터디,,initial,2015-12-11,log
코스닥 150,074430,아미노로직스,,initial,2013-06-14,log
코스닥 150,077360,덕산하이메탈,,initial,2015-06-12,log
코스닥 150,080160,모두투어,,initial,2020-12-11,log
코스닥 150,082270,젬백스,,initial,2010-06-11,log
코스닥 150,082850,우리이티아이,,initial,2014-12-12,log
코스닥 150,083650,비에이치아이,,initial,2015-12-11,log
코스닥 150,083790,크리스탈지노믹스,,initial,2010-06-11,log
코스닥 150,084450,세실,,initial,2010-12-29,log
코스닥 150,084990,헬릭스미스,,initial,2010-12-10,log
코스닥 150,085660,차바이오텍,,initial,2018-03-28,log
코스닥 150,086450,동국제약,,initial,2010-06-11,log
코스닥 150,086520,에코프로,,initial,2012-12-14,log
코스닥 150,086890,이수앱지스,,initial,2011-12-09,log
코스닥 150,086900,메디톡스,,initial,,
코스닥 150,088700,마이스코,,initial,2011-12-09,log
코스닥 150,089230,용현BM,,initial,2011-12-09,log
코스닥 150,089240,네오세미테크,,initial,2010-03-30,log
코스닥 150,089480,평산,,initial,2011-03-25,log
코스닥 150,091690,디지텍시스템,,initial,2013-12-13,log
코스닥 150,091700,파트론,,initial,2025-12-12,log
코스닥 150,093920,서원인텍,,initial,2010-06-11,log
코스닥 150,094190,이엘케이,,initial,2013-12-13,log
코스닥 150,094820,일진에너지,,initial,2012-06-15,log
코스닥 150,094840,슈프리마에이치큐,,initial,2016-06-10,log
코스닥 150,095500,미래나노텍,,initial,2014-12-12,log
코스닥 150,095660,네오위즈,,initial,2018-06-15,log
코스닥 150,095910,에스에너지,,initial,2011-12-09,log
코스닥 150,099660,신텍,,initial,2011-12-13,log
코스닥 150,101680,한국정밀기계,,initial,2013-06-14,log
코스닥 150,102710,이엔에프테크놀로지,,initial,2014-12-12,log
코스닥 150,102940,코오롱생명과학,,initial,2019-08-21,log
코스닥 150,034940,조아제약,2010-03-30,log,2010-06-11,log
코스닥 150,040420,정상제이엘에스,2010-04-29,log,2013-06-14,log
코스닥 150,016170,카카오M,2010-06-11,log,2010-12-10,log
코스닥 150,029480,케이디씨,2010-06-11,log,2012-12-14,log
코스닥 150,030530,원익홀딩스,2010-06-11,log,2023-12-15,log
코스닥 150,036540,SFA반도체,2010-06-11,log,2014-06-13,log
코스닥 150,036710,심텍홀딩스,2010-06-11,log,2015-12-11,log
코스닥 150,037370,EG,2010-06-11,log,2015-06-12,log
코스닥 150,039560,다산네트웍스,2010-06-11,log,2012-12-14,log
코스닥 150,043650,국순당,2010-06-11,log,2012-12-14,log
코스닥 150,043890,한빛방송,2010-06-11,log,2010-12-10,log
코스닥 150,052270,우전앤한단,2010-06-11,log,2010-12-10,log
코스닥 150,052860,아이앤씨,2010-06-11,log,2011-06-10,log
코스닥 150,062860,티엘아이,2010-06-11,log,2011-06-10,log
코스닥 150,063080,게임빌,2010-06-11,log,2019-12-13,log
코스닥 150,078070,유비쿼스홀딩스,2010-06-11,log,2011-12-09,log
코스닥 150,078340,컴투스,2010-06-11,log,,
코스닥 150,087220,스틸플라워,2010-06-11,log,2014-06-13,log
코스닥 150,099220,SDN,2010-06-11,log,2012-12-14,log
코스닥 150,100130,동국S&C,2010-06-11,log,2019-06-14,log
코스닥 150,101730,위메이드맥스,2010-06-11,log,2010-12-10,log
코스닥 150,110310,모린스,2010-06-11,log,2011-06-10,log
코스닥 150,031980,피에스케이홀딩스,2010-06-18,log,2011-12-09,log
코스닥 150,006910,보성파워텍,2010-12-10,log,2011-12-09,log
코스닥 150,012650,쌍용건설,2010-12-10,log,2013-03-27,log
코스닥 150,036210,태산엘시디,2010-12-10,log,2012-06-15,log
코스닥 150,038880,씨앤에스,2010-12-10,log,2012-12-14,log
코스닥 150,041140,넥슨지티,2010-12-10,log,2018-12-14,log
코스닥 150,041510,에스엠,2010-12-10,log,,
코스닥 150,043370,평화정공,2010-12-10,log,2019-06-14,log
코스닥 150,050470,CT&T,2010-12-10,log,2011-03-29,log
코스닥 150,051370,인터플렉스,2010-12-10,log,2015-12-11,log
코스닥 150,051820,아이피에스,2010-12-10,log,2010-12-29,log
코스닥 150,078160,메디포스트,2010-12-10,log,2021-12-10,log
코스닥 150,080000,에스엔유,2010-12-10,log,2014-12-12,log
코스닥 150,082270,젬백스,2010-12-10,log,2020-03-25,log
코스닥 150,084370,유진테크,2010-12-10,log,2019-06-14,log
코스닥 150,096640,멜파스,2010-12-10,log,2014-12-12,log
코스닥 150,112040,위메이드,2010-12-10,log,,
코스닥 150,115160,휴맥스,2010-12-10,log,2016-12-09,log
코스닥 150,036000,예림당,2010-12-29,log,2011-12-09,log
코스닥 150,067160,SOOP,2010-12-29,log,2011-06-10,log
코스닥 150,079950,LIG에이디피,2011-03-21,log,2011-12-09,log
코스닥 150,036890,진성티이씨,2011-03-25,log,2015-06-12,log
코스닥 150,032500,케이엠더블유,2011-03-29,log,2011-06-10,log
코스닥 150,054620,APS홀딩스,2011-03-29,log,2014-12-12,log
코스닥 150,080520,오디텍,2011-04-01,log,2011-12-09,log
코스닥 150,101390,아이엠,2011-04-08,log,2011-06-10,log
코스닥 150,009520,포스코엠텍,2011-06-10,log,2015-06-12,log
코스닥 150,016170,카카오M,2011-06-10,log,2018-08-30,log
코스닥 150,016250,이테크건설,2011-06-10,log,2012-06-15,log
코스닥 150,066700,테라젠,2011-06-10,log,2015-06-12,log
코스닥 150,067000,조이시티,2011-06-10,log,2017-12-15,log
코스닥 150,067310,하나마이크론,2011-06-10,log,2013-12-13,log
코스닥 150,073110,엘엠에스,2011-06-10,log,2013-12-13,log
코스닥 150,078520,에이블씨엔씨,2011-06-10,log,2015-07-31,synthetic
코스닥 150,096530,씨젠,2011-06-10,log,,
코스닥 150,108230,톱텍,2011-06-10,log,2022-06-10,log
코스닥 150,108320,LX세미콘,2011-06-10,log,2022-11-03,log
코스닥 150,114120,크루셜텍,2011-06-10,log,2017-06-09,log
코스닥 150,130960,CJ E&M,2011-06-10,log,2018-06-28,log
코스닥 150,043150,바텍,2011-08-22,log,2020-12-11,log
코스닥 150,067290,JW신약,2011-09-07,log,2019-12-13,log
코스닥 150,013990,아가방컴퍼니,2011-11-01,log,2014-06-13,log
코스닥 150,014190,후너스,2011-12-09,log,2013-06-14,log
코스닥 150,019210,와이지-원,2011-12-09,log,2020-06-12,log
코스닥 150,033170,시그네틱스,2011-12-09,log,2014-12-12,log
코스닥 150,036420,제이콘텐트리,2011-12-09,log,2019-10-31,synthetic
코스닥 150,042420,네오위즈,2011-12-09,log,2013-12-13,log
코스닥 150,043890,한빛방송,2011-12-09,log,2012-06-15,log
코스닥 150,051500,CJ프레시웨이,2011-12-09,log,2012-06-15,log
코스닥 150,058470,리노공업,2011-12-09,log,,
코스닥 150,060310,3S,2011-12-09,log,2014-12-12,log
코스닥 150,067990,도이치모터스,2011-12-09,log,2012-12-14,log
코스닥 150,071200,인피니트헬스케어,2011-12-09,log,2015-06-12,log
코스닥 150,098460,고영,2011-12-09,log,,
코스닥 150,100700,세운메디칼,2011-12-09,log,2013-12-13,log
코스닥 150,104480,티케이케미칼,2011-12-09,log,2014-12-12,log
코스닥 150,126880,제이엔케이히터,2011-12-09,log,2013-06-14,log
코스닥 150,136480,하림,2011-12-09,log,2012-12-14,log
코스닥 150,029960,코엔텍,2011-12-13,log,2013-12-13,log
코스닥 150,052260,현대바이오랜드,2012-03-28,log,2017-06-09,log
코스닥 150,011370,서한,2012-06-15,log,2016-12-09,log
코스닥 150,030520,한글과컴퓨터,2012-06-15,log,2019-12-13,log
코스닥 150,040350,큐로컴,2012-06-15,log,2013-12-13,log
코스닥 150,040910,아이씨디,2012-06-15,log,2014-12-12,log
코스닥 150,049550,잉크테크,2012-06-15,log,2015-06-12,log
코스닥 150,084990,헬릭스미스,2012-06-15,log,2023-12-15,log
코스닥 150,121440,골프존뉴딘홀딩스,2012-06-15,log,2019-06-14,log
코스닥 150,121600,나노신소재,2012-06-15,log,2012-12-14,log
코스닥 150,123100,원익테라세미콘,2012-06-15,log,2014-06-13,log
코스닥 150,035810,이지홀딩스,2012-09-24,log,2021-06-11,log
코스닥 150,003100,선광,2012-11-01,log,2015-06-12,log
코스닥 150,005990,매일홀딩스,2012-12-14,log,2017-12-15,log
코스닥 150,027580,상보,2012-12-14,log,2015-06-12,log
코스닥 150,035600,KG이니시스,2012-12-14,log,2025-06-13,log
코스닥 150,039840,디오,2012-12-14,log,2013-12-13,log
코스닥 150,051500,CJ프레시웨이,2012-12-14,log,2020-12-11,log
코스닥 150,052790,액토즈소프트,2012-12-14,log,2016-12-09,log
코스닥 150,060590,씨티씨바이오,2012-12-14,log,2017-06-09,log
코스닥 150,065620,제낙스,2012-12-14,log,2020-04-22,log
코스닥 150,097780,에스맥,2012-12-14,log,2014-12-12,log
코스닥 150,099660,신텍,2012-12-14,log,2014-06-13,log
코스닥 150,104830,원익머트리얼즈,2012-12-14,log,2023-12-15,log
코스닥 150,122870,와이지엔터테인먼트,2012-12-14,log,,
코스닥 150,123260,사파이어테크놀로지,2012-12-14,log,2015-06-12,log
코스닥 150,143240,사람인에이치알,2012-12-14,log,2015-06-12,log
코스닥 150,038390,레드캡투어,2013-03-27,log,2013-12-13,log
코스닥 150,024880,케이피에프,2013-06-14,log,2013-12-13,log
코스닥 150,031390,녹십자셀,2013-06-14,log,2021-10-28,log
코스닥 150,033500,동성화인텍,2013-06-14,log,2015-12-11,log
코스닥 150,039530,씨앤케이인터,2013-06-14,log,2014-12-12,log
코스닥 150,046440,KG모빌리언스,2013-06-14,log,2016-12-09,log
코스닥 150,054050,농우바이오,2013-06-14,log,2018-06-15,log
코스닥 150,061040,알에프텍,2013-06-14,log,2014-12-12,log
코스닥 150,065160,에프티이앤이,2013-06-14,log,2014-06-13,log
코스닥 150,065270,플렉스컴,2013-06-14,log,2014-06-13,log
코스닥 150,082210,옵트론텍,2013-06-14,log,2014-12-12,log
코스닥 150,086450,동국제약,2013-06-14,log,,
코스닥 150,036500,유원컴텍,2013-10-08,log,2014-06-13,log
코스닥 150,024660,하림홀딩스,2013-12-13,log,2018-06-28,log
코스닥 150,032500,케이엠더블유,2013-12-13,log,2015-12-11,log
코스닥 150,036190,금화피에스시,2013-12-13,log,2015-12-11,log
코스닥 150,040610,SG&G,2013-12-13,log,2015-06-12,log
코스닥 150,052270,우전앤한단,2013-12-13,log,2014-12-12,log
코스닥 150,052400,코나아이,2013-12-13,log,2017-06-09,log
코스닥 150,079960,동양이엔피,2013-12-13,log,2014-12-12,log
코스닥 150,084110,휴온스글로벌,2013-12-13,log,2020-12-11,log
코스닥 150,086980,쇼박스,2013-12-13,log,2018-06-15,log
코스닥 150,088390,이녹스,2013-12-13,log,2015-06-12,log
코스닥 150,099190,아이센스,2013-12-13,log,2018-12-14,log
코스닥 150,101730,위메이드맥스,2013-12-13,log,2015-12-11,log
코스닥 150,101970,우양에이치씨,2013-12-13,log,2014-12-12,log
코스닥 150,108380,대양전기공업,2014-03-26,log,2015-06-12,log
코스닥 150,014470,부방,2014-06-13,log,2015-12-11,log
코스닥 150,029960,코엔텍,2014-06-13,log,2015-06-12,log
코스닥 150,031980,피에스케이홀딩스,2014-06-13,log,2016-06-10,log
코스닥 150,038390,레드캡투어,2014-06-13,log,2015-12-11,log
코스닥 150,041520,이라이콤,2014-06-13,log,2016-06-10,log
코스닥 150,092040,아미코젠,2014-06-13,log,2023-12-15,log
코스닥 150,093920,서원인텍,2014-06-13,log,2015-12-11,log
코스닥 150,095190,이엠코리아,2014-06-13,log,2015-06-12,log
코스닥 150,100120,뷰웍스,2014-06-13,log,2019-12-13,log
코스닥 150,123420,선데이토즈,2014-06-13,log,2017-06-09,log
코스닥 150,136480,하림,2014-06-13,log,2018-06-15,log
코스닥 150,138070,신진에스엠,2014-06-13,log,2016-06-10,log
코스닥 150,168330,내츄럴엔도텍,2014-06-13,log,2015-06-12,log
코스닥 150,011040,경동제약,2014-12-12,log,2016-06-10,log
코스닥 150,016100,리더스코스메틱,2014-12-12,log,2019-12-13,log
코스닥 150,016250,이테크건설,2014-12-12,log,2020-06-12,log
코스닥 150,018310,삼목에스폼,2014-12-12,log,2016-12-09,log
코스닥 150,021320,KCC건설,2014-12-12,log,2016-06-10,log
코스닥 150,025770,한국정보통신,2014-12-12,log,2019-12-13,log
코스닥 150,025900,동화기업,2014-12-12,log,,
코스닥 150,033560,블루콤,2014-12-12,log,2017-06-09,log
코스닥 150,038290,마크로젠,2014-12-12,log,2019-12-13,log
코스닥 150,041830,인바디,2014-12-12,log,2020-12-11,log
코스닥 150,043610,KT뮤직,2014-12-12,log,2015-12-11,log
코스닥 150,049960,쎌바이오텍,2014-12-12,log,2018-12-14,log
코스닥 150,067160,SOOP,2014-12-12,log,2017-12-15,log
코스닥 150,069110,코스온,2014-12-12,log,2017-12-15,log
코스닥 150,083790,크리스탈지노믹스,2014-12-12,log,2021-12-10,log
코스닥 150,092070,디엔에프,2014-12-12,log,2016-06-10,log
코스닥 150,095700,제넥신,2014-12-12,log,2024-06-14,log
코스닥 150,100700,세운메디칼,2014-12-12,log,2016-12-09,log
코스닥 150,108790,인터파크,2014-12-12,log,2019-06-14,log
코스닥 150,154040,솔루에타,2014-12-12,log,2015-06-12,log
코스닥 150,171120,라이온켐텍,2014-12-12,log,2017-12-15,log
코스닥 150,027050,코리아나,2015-06-12,log,2018-12-14,log
코스닥 150,028300,HLB,2015-06-12,log,,
코스닥 150,032190,다우데이타,2015-06-12,log,2016-12-09,log
코스닥 150,035890,서희건설,2015-06-12,log,2020-03-26,log
코스닥 150,036800,나이스정보통신,2015-06-12,log,2016-12-09,log
코스닥 150,038500,삼표시멘트,2015-06-12,log,2016-12-09,log
코스닥 150,048530,인트론바이오,2015-06-12,log,2022-12-09,log
코스닥 150,051360,토비스,2015-06-12,log,2015-12-11,log
코스닥 150,053030,바이넥스,2015-06-12,log,2019-12-13,log
코스닥 150,054670,대한뉴팜,2015-06-12,log,2017-12-15,log
코스닥 150,054780,키이스트,2015-06-12,log,2017-06-09,log
코스닥 150,060250,NHN KCP,2015-06-12,log,2018-06-15,log
코스닥 150,068240,다원시스,2015-06-12,log,2025-06-13,log
코스닥 150,085370,루트로닉,2015-06-12,log,2018-06-15,log
코스닥 150,095340,ISC,2015-06-12,log,2017-06-09,log
코스닥 150,140410,메지온,2015-06-12,log,2017-06-09,log
코스닥 150,194480,데브시스터즈,2015-06-12,log,2016-06-10,log
코스닥 150,200130,콜마비앤에이치,2015-06-12,log,,
코스닥 150,213420,덕산네오룩스,2015-06-12,log,,
코스닥 150,215000,골프존,2015-06-12,log,2016-06-10,log
코스닥 150,013990,아가방컴퍼니,2015-12-11,log,2017-12-15,log
코스닥 150,025980,아난티,2015-12-11,log,,
코스닥 150,067080,대화제약,2015-12-11,log,2019-12-13,log
코스닥 150,067390,아스트,2015-12-11,log,2020-06-12,log
코스닥 150,089600,나스미디어,2015-12-11,log,2020-12-11,log
코스닥 150,102710,이엔에프테크놀로지,2015-12-11,log,2018-12-14,log
코스닥 150,114570,지스마트글로벌,2015-12-11,log,2018-06-15,log
코스닥 150,119610,인터로조,2015-12-11,log,2019-06-14,log
코스닥 150,143240,사람인에이치알,2015-12-11,log,2016-12-09,log
코스닥 150,168330,내츄럴엔도텍,2015-12-11,log,2019-03-22,log
코스닥 150,178920,PI첨단소재,2015-12-11,log,2021-08-31,synthetic
코스닥 150,192080,더블유게임즈,2015-12-11,log,2019-03-29,synthetic
코스닥 150,192440,슈피겐코리아,2015-12-11,log,2018-06-15,log
코스닥 150,200670,휴메딕스,2015-12-11,log,2018-12-14,log
코스닥 150,206640,바디텍메드,2015-12-11,log,2019-06-14,log
코스닥 150,214450,파마리서치,2015-12-11,log,,
코스닥 150,160550,NEW,2016-03-16,log,2017-12-15,log
코스닥 150,063170,서울옥션,2016-04-08,log,2017-06-09,log
코스닥 150,036930,주성엔지니어링,2016-06-10,log,,
코스닥 150,039840,디오,2016-06-10,log,2020-12-11,log
코스닥 150,054620,APS홀딩스,2016-06-10,log,2017-12-15,log
코스닥 150,065160,에프티이앤이,2016-06-10,log,2018-04-16,log
코스닥 150,068760,셀트리온제약,2016-06-10,log,,
코스닥 150,115450,HLB테라퓨틱스,2016-06-10,log,2021-12-10,log
코스닥 150,145020,휴젤,2016-06-10,log,,
코스닥 150,182400,엔케이맥스,2016-06-10,log,2021-12-10,log
코스닥 150,214370,케어젠,2016-06-10,log,2019-04-10,log
코스닥 150,222040,코스맥스엔비티,2016-06-10,log,2020-06-12,log
코스닥 150,036630,세종텔레콤,2016-07-15,log,2020-06-12,log
코스닥 150,006910,보성파워텍,2016-12-09,log,2017-06-09,log
코스닥 150,014200,광림,2016-12-09,log,2018-06-15,log
코스닥 150,049180,셀루메드,2016-12-09,log,2017-06-09,log
코스닥 150,058820,CMG제약,2016-12-09,log,2022-12-09,log
코스닥 150,064240,홈캐스트,2016-12-09,log,2018-12-14,log
코스닥 150,064760,티씨케이,2016-12-09,log,,
코스닥 150,109610,에스와이패널,2016-12-09,log,2018-06-15,log
코스닥 150,115960,연우,2016-12-09,log,2020-12-11,log
코스닥 150,141080,리가켐바이오,2016-12-09,log,,
코스닥 150,215360,우리산업,2016-12-09,log,2020-06-12,log
코스닥 150,237690,에스티팜,2016-12-09,log,,
코스닥 150,240810,원익IPS,2016-12-09,log,,
코스닥 150,036540,SFA반도체,2017-06-09,log,2018-06-15,log
코스닥 150,038540,상상인,2017-06-09,log,2019-06-14,log
코스닥 150,051370,인터플렉스,2017-06-09,log,2019-06-14,log
코스닥 150,065060,지엔코,2017-06-09,log,2017-12-15,log
코스닥 150,066970,엘앤에프,2017-06-09,log,2024-01-29,log
코스닥 150,078150,HB테크놀러지,2017-06-09,log,2018-06-15,log
코스닥 150,089140,넥스턴,2017-06-09,log,2017-12-15,log
코스닥 150,095610,테스,2017-06-09,log,,
코스닥 150,215600,신라젠,2017-06-09,log,2020-06-12,log
코스닥 150,237880,클리오,2017-06-09,log,2021-06-11,log
코스닥 150,241710,코스메카코리아,2017-06-09,log,2019-12-13,log
코스닥 150,243070,휴온스,2017-06-09,log,2023-06-09,log
코스닥 150,265520,AP시스템,2017-06-09,log,2018-12-14,log
코스닥 150,090470,제이스텍,2017-07-10,log,2018-06-15,log
코스닥 150,003380,하림지주,2017-12-15,log,,
코스닥 150,007390,네이처셀,2017-12-15,log,,
코스닥 150,007820,에스엠코어,2017-12-15,log,2020-06-12,log
코스닥 150,018000,유니슨,2017-12-15,log,2019-06-14,log
코스닥 150,031980,피에스케이홀딩스,2017-12-15,log,2019-06-14,log
코스닥 150,033290,코웰패션,2017-12-15,log,2024-06-14,log
코스닥 150,049950,미래컴퍼니,2017-12-15,log,2020-12-11,log
코스닥 150,080420,모다이노칩,2017-12-15,log,2019-12-13,log
코스닥 150,086520,에코프로,2017-12-15,log,,
코스닥 150,090460,비에이치,2017-12-15,log,2023-06-20,log
코스닥 150,091990,셀트리온헬스케어,2017-12-15,log,2023-12-15,log
코스닥 150,263750,펄어비스,2017-12-15,log,,
코스닥 150,272290,이녹스첨단소재,2017-12-15,log,,
코스닥 150,123100,원익테라세미콘,2018-02-09,log,2018-06-15,log
코스닥 150,200230,텔콘RF제약,2018-03-28,log,2021-12-10,log
코스닥 150,063570,한국전자금융,2018-04-16,log,2020-12-11,log
코스닥 150,000250,삼천당제약,2018-06-15,log,,
코스닥 150,013030,하이록코리아,2018-06-15,log,2020-06-12,log
코스닥 150,030190,NICE평가정보,2018-06-15,log,2023-08-08,log
코스닥 150,035900,JYP Ent.,2018-06-15,log,,
코스닥 150,039200,오스코텍,2018-06-15,log,,
코스닥 150,042000,카페24,2018-06-15,log,2022-12-09,log
코스닥 150,060570,드림어스컴퍼니,2018-06-15,log,2021-06-11,log
코스닥 150,065660,안트로젠,2018-06-15,log,2021-06-11,log
코스닥 150,073070,에스모,2018-06-15,log,2020-03-27,log
코스닥 150,087010,펩트론,2018-06-15,log,2019-12-13,log
코스닥 150,144510,지씨셀,2018-06-15,log,2025-06-13,log
코스닥 150,217480,에스디생명공학,2018-06-15,log,2019-12-13,log
코스닥 150,253450,스튜디오드래곤,2018-06-15,log,,
코스닥 150,267980,매일유업,2018-06-15,log,2025-12-12,log
코스닥 150,067630,HLB생명과학,2018-06-28,log,2025-03-26,log
코스닥 150,174900,앱클론,2018-06-28,log,2018-12-14,log
코스닥 150,052710,아모텍,2018-08-30,log,2018-12-14,log
코스닥 150,010170,대한광통신,2018-12-14,log,2019-12-13,log
코스닥 150,029960,코엔텍,2018-12-14,log,2023-12-15,log
코스닥 150,038500,삼표시멘트,2018-12-14,log,2023-12-15,log
코스닥 150,045100,한양이엔지,2018-12-14,log,2020-06-12,log
코스닥 150,045390,대아티아이,2018-12-14,log,2022-06-10,log
코스닥 150,052020,에스티큐브,2018-12-14,log,2021-06-11,log
코스닥 150,067160,SOOP,2018-12-14,log,,
코스닥 150,092730,네오팜,2018-12-14,log,2021-06-11,log
코스닥 150,140410,메지온,2018-12-14,log,2026-03-20,log
코스닥 150,183490,엔지켐생명과학,2018-12-14,log,2022-06-10,log
코스닥 150,215200,메가스터디교육,2018-12-14,log,,
코스닥 150,218410,RFHIC,2018-12-14,log,,
코스닥 150,044340,위닉스,2019-03-12,log,2021-12-10,log
코스닥 150,032500,케이엠더블유,2019-03-22,log,,
코스닥 150,074600,원익QnC,2019-04-10,log,2019-12-13,log
코스닥 150,041140,넥슨지티,2019-06-14,log,2020-06-12,log
코스닥 150,060150,인선이엔티,2019-06-14,log,2023-12-15,log
코스닥 150,095190,이엠코리아,2019-06-14,log,2020-06-12,log
코스닥 150,122990,와이솔,2019-06-14,log,2021-12-10,log
코스닥 150,192440,슈피겐코리아,2019-06-14,log,2021-12-10,log
코스닥 150,196170,알테오젠,2019-06-14,log,,
코스닥 150,217730,강스템바이오텍,2019-06-14,log,2020-06-12,log
코스닥 150,226950,올릭스,2019-06-14,log,2019-12-13,log
코스닥 150,247540,에코프로비엠,2019-06-14,log,,
코스닥 150,263050,유틸렉스,2019-06-14,log,2021-12-10,log
코스닥 150,278280,천보,2019-06-14,log,,
코스닥 150,298380,에이비엘바이오,2019-06-14,log,,
코스닥 150,265520,AP시스템,2019-08-21,log,2022-12-09,log
코스닥 150,086820,바이오솔루션,2019-10-18,log,2019-12-13,log
코스닥 150,033640,네패스,2019-12-13,log,2025-06-13,log
코스닥 150,036540,SFA반도체,2019-12-13,log,,
코스닥 150,047310,파워로직스,2019-12-13,log,2020-12-11,log
코스닥 150,048410,현대바이오,2019-12-13,log,,
코스닥 150,060250,NHN KCP,2019-12-13,log,,
코스닥 150,061970,LB세미콘,2019-12-13,log,2024-06-14,log
코스닥 150,078130,국일제지,2019-12-13,log,2023-04-06,log
코스닥 150,097520,엠씨넥스,2019-12-13,log,2021-07-30,synthetic
코스닥 150,138080,오이솔루션,2019-12-13,log,2022-06-10,log
코스닥 150,143240,사람인에이치알,2019-12-13,log,2021-06-11,log
코스닥 150,178320,서진시스템,2019-12-13,log,,
코스닥 150,214150,클래시스,2019-12-13,log,,
코스닥 150,215000,골프존,2019-12-13,log,2021-06-11,log
코스닥 150,228760,지노믹트리,2019-12-13,log,2020-12-11,log
코스닥 150,230360,에코마케팅,2019-12-13,log,2022-06-10,log
코스닥 150,239610,에이치엘사이언스,2019-12-13,log,2021-06-11,log
코스닥 150,243840,신흥에스이씨,2019-12-13,log,2021-06-11,log
코스닥 150,088800,에이스테크,2020-03-25,log,2023-06-09,log
코스닥 150,082920,비츠로셀,2020-03-26,log,2021-06-11,log
코스닥 150,119860,커넥트웨이브,2020-03-27,log,2022-06-10,log
코스닥 150,102710,이엔에프테크놀로지,2020-04-22,log,2023-06-09,log
코스닥 150,018290,브이티,2020-06-12,log,2021-06-11,log
코스닥 150,032190,다우데이타,2020-06-12,log,,
코스닥 150,038540,상상인,2020-06-12,log,2023-12-15,log
코스닥 150,041190,우리기술투자,2020-06-12,log,2020-12-11,log
코스닥 150,052260,현대바이오랜드,2020-06-12,log,2021-06-11,log
코스닥 150,060720,KH바텍,2020-06-12,log,2024-12-13,log
코스닥 150,078020,이베스트투자증권,2020-06-12,log,2022-12-09,log
코스닥 150,078070,유비쿼스홀딩스,2020-06-12,log,2021-12-10,log
코스닥 150,084370,유진테크,2020-06-12,log,,
코스닥 150,084850,아이티엠반도체,2020-06-12,log,2025-12-12,log
코스닥 150,085660,차바이오텍,2020-06-12,log,,
코스닥 150,214370,케어젠,2020-06-12,log,2021-06-11,log
코스닥 150,268600,셀리버리,2020-06-12,log,2023-04-17,log
코스닥 150,282880,코윈테크,2020-06-12,log,2020-12-11,log
코스닥 150,034950,한국기업평가,2020-12-11,log,2021-06-11,log
코스닥 150,078600,대주전자재료,2020-12-11,log,,
코스닥 150,089980,상아프론테크,2020-12-11,log,2024-06-14,log
코스닥 150,092190,서울바이오시스,2020-12-11,log,2022-12-09,log
코스닥 150,100130,동국S&C,2020-12-11,log,2021-12-10,log
코스닥 150,101490,에스앤에스텍,2020-12-11,log,,
코스닥 150,131370,알서포트,2020-12-11,log,2022-12-09,log
코스닥 150,137400,피엔티,2020-12-11,log,,
코스닥 150,194700,노바렉스,2020-12-11,log,2021-06-11,log
코스닥 150,204270,제이앤티씨,2020-12-11,log,2022-06-10,log
코스닥 150,222080,씨아이에스,2020-12-11,log,,
코스닥 150,235980,메드팩토,2020-12-11,log,2023-12-15,log
코스닥 150,290510,코리아센터,2020-12-11,log,2022-11-28,log
코스닥 150,290650,엘앤씨바이오,2020-12-11,log,,
코스닥 150,293490,카카오게임즈,2020-12-11,log,,
코스닥 150,294140,레몬,2020-12-11,log,2021-12-10,log
코스닥 150,357780,솔브레인,2020-12-11,log,,
코스닥 150,015750,성우하이텍,2021-06-11,log,,
코스닥 150,018000,유니슨,2021-06-11,log,2022-06-10,log
코스닥 150,027360,아주IB투자,2021-06-11,log,2023-12-15,log
코스닥 150,036810,에프에스티,2021-06-11,log,,
코스닥 150,041190,우리기술투자,2021-06-11,log,,
코스닥 150,053030,바이넥스,2021-06-11,log,2023-06-09,log
코스닥 150,082270,젬백스,2021-06-11,log,,
코스닥 150,100090,에스케이오션플랜트,2021-06-11,log,2023-04-19,log
코스닥 150,131290,티에스이,2021-06-11,log,,
코스닥 150,131970,두산테스나,2021-06-11,log,,
코스닥 150,140860,파크시스템스,2021-06-11,log,,
코스닥 150,166090,하나머티리얼즈,2021-06-11,log,,
코스닥 150,175250,아이큐어,2021-06-11,log,2021-12-10,log
코스닥 150,194480,데브시스터즈,2021-06-11,log,2022-12-09,log
코스닥 150,222800,심텍,2021-06-11,log,,
코스닥 150,323990,박셀바이오,2021-06-11,log,2024-12-13,log
코스닥 150,080160,모두투어,2021-06-29,log,2024-06-14,log
코스닥 150,319660,피에스케이,2021-07-06,log,,
코스닥 150,042040,케이피엠테크,2021-08-09,log,2021-12-10,log
코스닥 150,206650,유바이오로직스,2021-10-28,log,2023-06-09,log
코스닥 150,033310,엠투엔,2021-12-10,log,2022-06-10,log
코스닥 150,035080,그래디언트,2021-12-10,log,2022-12-09,log
코스닥 150,052400,코나아이,2021-12-10,log,2022-12-09,log
코스닥 150,064550,바이오니아,2021-12-10,log,2025-12-12,log
코스닥 150,074600,원익QnC,2021-12-10,log,,
코스닥 150,084110,휴온스글로벌,2021-12-10,log,2022-06-10,log
코스닥 150,104480,티케이케미칼,2021-12-10,log,2023-12-15,log
코스닥 150,151910,SBW생명과학,2021-12-10,log,2023-03-28,log
코스닥 150,183300,코미코,2021-12-10,log,,
코스닥 150,195940,HK이노엔,2021-12-10,log,,
코스닥 150,256840,한국비엔씨,2021-12-10,log,2023-06-09,log
코스닥 150,293780,압타바이오,2021-12-10,log,2022-12-09,log
코스닥 150,294570,쿠콘,2021-12-10,log,2023-12-15,log
코스닥 150,299660,셀리드,2021-12-10,log,2022-06-10,log
코스닥 150,383310,에코프로에이치엔,2021-12-10,log,,
코스닥 150,214370,케어젠,2022-03-16,log,,
코스닥 150,064260,다날,2022-06-10,log,2023-12-15,log
코스닥 150,067310,하나마이크론,2022-06-10,log,,
코스닥 150,086390,유니테스트,2022-06-10,log,2024-06-14,log
코스닥 150,110790,크리스에프앤씨,2022-06-10,log,2023-06-09,log
코스닥 150,121600,나노신소재,2022-06-10,log,,
코스닥 150,121800,비덴트,2022-06-10,log,2022-08-22,log
코스닥 150,182400,엔케이맥스,2022-06-10,log,2024-05-02,log
코스닥 150,189300,인텔리안테크,2022-06-10,log,,
코스닥 150,215000,골프존,2022-06-10,log,,
코스닥 150,225570,넥슨게임즈,2022-06-10,log,,
코스닥 150,299900,위지윅스튜디오,2022-06-10,log,2023-12-15,log
코스닥 150,348370,엔켐,2022-06-10,log,,
코스닥 150,030520,한글과컴퓨터,2022-08-22,log,,
코스닥 150,348210,넥스틴,2022-11-03,log,,
코스닥 150,119860,커넥트웨이브,2022-11-28,log,2024-08-16,log
코스닥 150,016790,카나리아바이오,2022-12-09,log,2024-04-16,log
코스닥 150,049070,인탑스,2022-12-09,log,2025-12-12,log
코스닥 150,052020,에스티큐브,2022-12-09,log,2024-03-26,log
코스닥 150,095340,ISC,2022-12-09,log,,
코스닥 150,215600,신라젠,2022-12-09,log,2024-12-13,log
코스닥 150,294090,이오플로우,2022-12-09,log,2024-06-14,log
코스닥 150,298540,더네이쳐홀딩스,2022-12-09,log,2024-06-14,log
코스닥 150,365340,성일하이텍,2022-12-09,log,,
코스닥 150,376300,디어유,2022-12-09,log,,
코스닥 150,393890,더블유씨피,2022-12-09,log,2025-06-13,log
코스닥 150,403870,HPSP,2022-12-09,log,,
코스닥 150,091120,이엠텍,2023-03-28,log,2025-12-12,log
코스닥 150,281740,레이크머티리얼즈,2023-04-06,log,,
코스닥 150,205470,휴마시스,2023-04-17,log,2023-12-15,log
코스닥 150,003100,선광,2023-04-19,log,2023-12-15,log
코스닥 150,009520,포스코엠텍,2023-06-09,log,,
코스닥 150,025770,한국정보통신,2023-06-09,log,2024-12-13,log
코스닥 150,073570,리튬포어스,2023-06-09,log,2024-06-14,log
코스닥 150,085370,루트로닉,2023-06-09,log,2023-09-15,log
코스닥 150,095500,미래나노텍,2023-06-09,log,2025-12-12,log
코스닥 150,277810,레인보우로보틱스,2023-06-09,log,,
코스닥 150,287410,제이시스메디칼,2023-06-09,log,2024-09-25,log
코스닥 150,372170,윤성에프앤씨,2023-06-09,log,2025-06-13,log
코스닥 150,230240,에치에프알,2023-06-20,log,2024-06-14,log
코스닥 150,101670,하이드로리튬,2023-08-08,log,2024-06-14,log
코스닥 150,043150,바텍,2023-09-15,log,2024-12-13,log
코스닥 150,053610,프로텍,2023-12-15,log,2025-12-12,log
코스닥 150,058610,에스피지,2023-12-15,log,,
코스닥 150,058970,엠로,2023-12-15,log,,
코스닥 150,060280,큐렉소,2023-12-15,log,,
코스닥 150,095660,네오위즈,2023-12-15,log,,
코스닥 150,099190,아이센스,2023-12-15,log,2025-12-12,log
코스닥 150,108860,셀바스AI,2023-12-15,log,2026-03-13,log
코스닥 150,114190,강원에너지,2023-12-15,log,2024-12-13,log
코스닥 150,118990,모트렉스,2023-12-15,log,2025-06-13,log
코스닥 150,194480,데브시스터즈,2023-12-15,log,,
코스닥 150,204270,제이앤티씨,2023-12-15,log,,
코스닥 150,299030,하나기술,2023-12-15,log,2024-12-13,log
코스닥 150,310210,보로노이,2023-12-15,log,,
코스닥 150,328130,루닛,2023-12-15,log,,
코스닥 150,336570,원텍,2023-12-15,log,,
코스닥 150,360070,탑머티리얼,2023-12-15,log,2024-12-13,log
코스닥 150,418550,제이오,2023-12-15,log,2025-06-13,log
코스닥 150,425040,티이엠씨,2024-01-02,log,2025-06-13,log
코스닥 150,042600,새로닉스,2024-01-29,log,2024-06-14,log
코스닥 150,031980,피에스케이홀딩스,2024-03-26,log,,
코스닥 150,352480,씨앤씨인터내셔널,2024-04-16,log,,
코스닥 150,358570,지아이이노베이션,2024-05-02,log,,
코스닥 150,018290,브이티,2024-06-14,log,,
코스닥 150,025320,시노펙스,2024-06-14,log,,
코스닥 150,033100,제룡전기,2024-06-14,log,,
코스닥 150,080220,제주반도체,2024-06-14,log,,
코스닥 150,087010,펩트론,2024-06-14,log,,
코스닥 150,089030,테크윙,2024-06-14,log,,
코스닥 150,094360,칩스앤미디어,2024-06-14,log,2025-12-12,log
코스닥 150,179900,유티아이,2024-06-14,log,2026-03-27,log
코스닥 150,257720,실리콘투,2024-06-14,log,,
코스닥 150,394280,오픈엣지테크놀로지,2024-06-14,log,2025-12-12,log
코스닥 150,399720,가온칩스,2024-06-14,log,,
코스닥 150,417200,LS머트리얼즈,2024-06-14,log,,
코스닥 150,420770,기가비스,2024-06-14,log,2025-12-12,log
코스닥 150,101360,에코앤드림,2024-06-24,log,,
코스닥 150,069080,웹젠,2024-08-16,log,,
코스닥 150,115450,HLB테라퓨틱스,2024-09-25,log,2025-12-12,log
코스닥 150,042000,카페24,2024-12-13,log,,
코스닥 150,065350,신성델타테크,2024-12-13,log,,
코스닥 150,114840,아이패밀리에스씨,2024-12-13,log,2025-12-12,log
코스닥 150,171090,선익시스템,2024-12-13,log,,
코스닥 150,232140,와이씨,2024-12-13,log,,
코스닥 150,241710,코스메카코리아,2024-12-13,log,,
코스닥 150,253590,네오셈,2024-12-13,log,,
코스닥 150,317330,덕산테코피아,2024-12-13,log,2025-12-12,log
코스닥 150,053030,바이넥스,2025-03-26,log,,
코스닥 150,014620,성광벤드,2025-06-13,log,,
코스닥 150,033500,동성화인텍,2025-06-13,log,,
코스닥 150,034950,한국기업평가,2025-06-13,log,2025-12-12,log
코스닥 150,050890,쏠리드,2025-06-13,log,,
코스닥 150,079370,제우스,2025-06-13,log,,
코스닥 150,101730,위메이드맥스,2025-06-13,log,,
코스닥 150,160190,하이젠알앤엠,2025-06-13,log,2026-03-26,log
코스닥 150,161580,필옵틱스,2025-06-13,log,,
코스닥 150,323280,태성,2025-06-13,log,,
코스닥 150,032820,우리기술,2025-12-12,log,,
코스닥 150,036620,감성코퍼레이션,2025-12-12,log,,
코스닥 150,052400,코나아이,2025-12-12,log,,
코스닥 150,056080,유진로봇,2025-12-12,log,,
코스닥 150,059090,미코,2025-12-12,log,,
코스닥 150,060370,LS마린솔루션,2025-12-12,log,,
코스닥 150,083650,비에이치아이,2025-12-12,log,,
코스닥 150,108490,로보티즈,2025-12-12,log,,
코스닥 150,211050,인카금융서비스,2025-12-12,log,,
코스닥 150,214430,아이쓰리시스템,2025-12-12,log,,
코스닥 150,226950,올릭스,2025-12-12,log,,
코스닥 150,251970,펌텍코리아,2025-12-12,log,,
코스닥 150,304100,솔트룩스,2025-12-12,log,,
코스닥 150,347850,디앤디파마텍,2025-12-12,log,,
코스닥 150,388720,유일로보틱스,2025-12-12,log,,
코스닥 150,466100,클로봇,2025-12-12,log,,
코스닥 150,0009K0,에임드바이오,2026-03-13,log,,
코스닥 150,445680,큐리옥스바이오시스템즈,2026-03-20,log,,
코스닥 150,460930,현대힘스,2026-03-26,log,,
코스닥 150,108860,셀바스AI,2026-03-27,log,,
