index,date,n_actual,n_recon,matches,only_actual,only_recon,only_actual_tickers,only_recon_tickers
코스피 200,2004-01-30,200,200,200,0,0,,
코스피 200,2004-02-27,200,200,200,0,0,,
코스피 200,2004-03-31,200,200,200,0,0,,
코스피 200,2004-04-30,200,200,200,0,0,,
코스피 200,2004-05-31,200,200,200,0,0,,
코스피 200,2004-06-30,200,200,200,0,0,,
코스피 200,2004-07-30,200,200,200,0,0,,
코스피 200,2004-08-31,200,200,200,0,0,,
코스피 200,2004-09-30,200,200,200,0,0,,
코스피 200,2004-10-29,200,200,200,0,0,,
코스피 200,2004-11-30,200,200,200,0,0,,
코스피 200,2005-01-31,200,200,200,0,0,,
코스피 200,2005-02-28,200,200,200,0,0,,
코스피 200,2005-03-31,200,200,200,0,0,,
코스피 200,2005-04-29,200,200,200,0,0,,
코스피 200,2005-05-31,200,200,200,0,0,,
코스피 200,2005-06-30,200,200,200,0,0,,
코스피 200,2005-07-29,200,200,200,0,0,,
코스피 200,2005-08-31,200,200,200,0,0,,
코스피 200,2005-09-30,200,200,200,0,0,,
코스피 200,2005-10-31,200,200,200,0,0,,
코스피 200,2005-11-30,200,200,200,0,0,,
코스피 200,2006-01-31,200,200,200,0,0,,
코스피 200,2006-02-28,200,200,200,0,0,,
코스피 200,2006-03-31,200,200,200,0,0,,
코스피 200,2006-04-28,200,200,200,0,0,,
코스피 200,2006-06-30,200,200,200,0,0,,
코스피 200,2006-07-31,200,200,200,0,0,,
코스피 200,2006-08-31,200,200,200,0,0,,
코스피 200,2006-09-29,200,200,200,0,0,,
코스피 200,2006-10-31,200,200,200,0,0,,
코스피 200,2006-11-30,200,200,200,0,0,,
코스피 200,2007-01-31,200,200,200,0,0,,
코스피 200,2007-02-28,200,200,200,0,0,,
코스피 200,2007-03-30,200,200,200,0,0,,
코스피 200,2007-04-30,200,200,200,0,0,,
코스피 200,2007-05-31,200,200,200,0,0,,
코스피 200,2007-06-29,200,200,200,0,0,,
코스피 200,2007-07-31,200,200,200,0,0,,
코스피 200,2007-08-31,200,200,200,0,0,,
코스피 200,2007-09-28,200,200,200,0,0,,
코스피 200,2007-10-31,200,200,200,0,0,,
코스피 200,2007-11-30,200,200,200,0,0,,
코스피 200,2008-01-31,200,200,200,0,0,,
코스피 200,2008-02-29,200,200,200,0,0,,
코스피 200,2008-03-31,200,200,200,0,0,,
코스피 200,2008-04-30,200,200,200,0,0,,
코스피 200,2008-05-30,200,200,200,0,0,,
코스피 200,2008-06-30,200,200,200,0,0,,
코스피 200,2008-07-31,200,200,200,0,0,,
코스피 200,2008-08-29,200,200,200,0,0,,
코스피 200,2008-09-30,200,200,200,0,0,,
코스피 200,2008-10-31,200,200,200,0,0,,
코스피 200,2008-11-28,200,200,200,0,0,,
코스피 200,2009-01-30,200,200,200,0,0,,
코스피 200,2009-02-27,200,200,200,0,0,,
코스피 200,2009-03-31,200,200,200,0,0,,
코스피 200,2009-04-30,200,200,200,0,0,,
코스피 200,2009-05-29,200,200,200,0,0,,
코스피 200,2009-06-30,200,200,200,0,0,,
코스피 200,2009-07-31,200,200,200,0,0,,
코스피 200,2009-08-31,200,200,200,0,0,,
코스피 200,2009-09-30,200,200,200,0,0,,
코스피 200,2009-10-30,200,200,200,0,0,,
코스피 200,2009-11-30,200,200,200,0,0,,
코스피 200,2010-01-29,200,200,200,0,0,,
코스피 200,2010-02-26,200,200,200,0,0,,
코스피 200,2010-03-31,200,200,200,0,0,,
코스피 200,2010-04-30,200,200,200,0,0,,
코스피 200,2010-05-31,200,200,200,0,0,,
코스피 200,2010-06-30,200,200,200,0,0,,
코스피 200,2010-07-30,200,200,200,0,0,,
코스피 200,2010-08-31,200,200,200,0,0,,
코스피 200,2010-09-30,200,200,200,0,0,,
코스피 200,2010-10-29,200,200,200,0,0,,
코스피 200,2010-11-30,200,200,200,0,0,,
코스피 200,2011-01-31,200,200,200,0,0,,
코스피 200,2011-02-28,200,200,200,0,0,,
코스피 200,2011-03-31,200,200,200,0,0,,
코스피 200,2011-04-29,200,200,200,0,0,,
코스피 200,2011-05-31,200,200,200,0,0,,
코스피 200,2011-06-30,200,200,200,0,0,,
코스피 200,2011-07-29,200,200,200,0,0,,
코스피 200,2011-08-31,200,200,200,0,0,,
코스피 200,2011-09-30,200,200,200,0,0,,
코스피 200,2011-10-31,200,200,200,0,0,,
코스피 200,2011-11-30,200,200,200,0,0,,
코스피 200,2012-01-31,200,200,200,0,0,,
코스피 200,2012-02-29,200,200,200,0,0,,
코스피 200,2012-03-30,200,200,200,0,0,,
코스피 200,2012-04-30,200,200,200,0,0,,
코스피 200,2012-05-31,200,200,200,0,0,,
코스피 200,2012-06-29,200,200,200,0,0,,
코스피 200,2012-07-31,200,200,200,0,0,,
코스피 200,2012-08-31,200,200,200,0,0,,
코스피 200,2012-09-28,200,200,200,0,0,,
코스피 200,2012-10-31,200,200,200,0,0,,
코스피 200,2012-11-30,200,200,200,0,0,,
코스피 200,2013-01-31,200,200,200,0,0,,
코스피 200,2013-02-28,200,200,200,0,0,,
코스피 200,2013-03-29,200,200,200,0,0,,
코스피 200,2013-04-30,200,200,200,0,0,,
코스피 200,2013-05-31,200,200,200,0,0,,
코스피 200,2013-06-28,200,200,200,0,0,,
코스피 200,2013-07-31,200,200,200,0,0,,
코스피 200,2013-08-30,200,200,200,0,0,,
코스피 200,2013-09-30,200,200,200,0,0,,
코스피 200,2013-10-31,200,200,200,0,0,,
코스피 200,2013-11-29,200,200,200,0,0,,
코스피 200,2014-02-28,200,200,200,0,0,,
코스피 200,2014-03-31,200,200,200,0,0,,
코스피 200,2014-04-30,200,200,200,0,0,,
코스피 200,2014-05-30,200,200,200,0,0,,
코스피 200,2014-06-30,200,200,200,0,0,,
코스피 200,2014-07-31,200,200,200,0,0,,
코스피 200,2014-08-29,200,200,200,0,0,,
코스피 200,2014-09-30,200,200,200,0,0,,
코스피 200,2014-10-31,200,200,200,0,0,,
코스피 200,2014-11-28,200,200,200,0,0,,
코스피 200,2015-01-30,200,200,200,0,0,,
코스피 200,2015-02-27,200,200,200,0,0,,
코스피 200,2015-03-31,200,200,200,0,0,,
코스피 200,2015-04-30,200,200,200,0,0,,
코스피 200,2015-05-29,200,200,200,0,0,,
코스피 200,2015-06-30,200,200,200,0,0,,
코스피 200,2015-07-31,200,200,200,0,0,,
코스피 200,2015-08-31,200,200,200,0,0,,
코스피 200,2015-09-30,200,200,200,0,0,,
코스피 200,2015-10-30,200,200,200,0,0,,
코스피 200,2015-11-30,200,200,200,0,0,,
코스피 200,2016-01-29,200,200,200,0,0,,
코스피 200,2016-02-29,200,200,200,0,0,,
코스피 200,2016-03-31,200,200,200,0,0,,
코스피 200,2016-04-29,200,200,200,0,0,,
코스피 200,2016-05-31,200,200,200,0,0,,
코스피 200,2016-06-30,200,200,200,0,0,,
코스피 200,2016-07-29,200,200,200,0,0,,
코스피 200,2016-08-31,200,200,200,0,0,,
코스피 200,2016-09-30,200,200,200,0,0,,
코스피 200,2016-10-31,200,200,200,0,0,,
코스피 200,2016-11-30,200,200,200,0,0,,
코스피 200,2017-01-31,200,200,200,0,0,,
코스피 200,2017-02-28,200,200,200,0,0,,
코스피 200,2017-03-31,200,200,200,0,0,,
코스피 200,2017-04-28,200,200,200,0,0,,
코스피 200,2017-05-31,200,200,200,0,0,,
코스피 200,2017-06-30,200,200,200,0,0,,
코스피 200,2017-07-31,201,201,201,0,0,,
코스피 200,2017-08-31,201,201,201,0,0,,
코스피 200,2017-09-29,200,200,200,0,0,,
코스피 200,2017-10-31,200,200,200,0,0,,
코스피 200,2017-11-30,200,200,200,0,0,,
코스피 200,2018-01-31,201,201,201,0,0,,
코스피 200,2018-02-28,201,201,201,0,0,,
코스피 200,2018-03-30,201,201,201,0,0,,
코스피 200,2018-04-30,201,201,201,0,0,,
코스피 200,2018-05-31,201,201,201,0,0,,
코스피 200,2018-06-29,201,201,201,0,0,,
코스피 200,2018-07-31,202,202,202,0,0,,
코스피 200,2018-08-31,202,202,202,0,0,,
코스피 200,2018-09-28,202,202,202,0,0,,
코스피 200,2018-10-31,202,202,202,0,0,,
코스피 200,2018-11-30,202,202,202,0,0,,
코스피 200,2019-01-31,201,201,201,0,0,,
코스피 200,2019-02-28,201,201,201,0,0,,
코스피 200,2019-03-29,201,201,201,0,0,,
코스피 200,2019-04-30,200,200,200,0,0,,
코스피 200,2019-05-31,200,200,200,0,0,,
코스피 200,2019-06-28,200,200,200,0,0,,
코스피 200,2019-07-31,200,200,200,0,0,,
코스피 200,2019-08-30,200,200,200,0,0,,
코스피 200,2019-09-30,200,200,200,0,0,,
코스피 200,2019-10-31,200,200,200,0,0,,
코스피 200,2019-11-29,200,200,200,0,0,,
코스피 200,2020-01-31,200,200,200,0,0,,
코스피 200,2020-02-28,200,200,200,0,0,,
코스피 200,2020-03-31,200,200,200,0,0,,
코스피 200,2020-05-29,200,200,200,0,0,,
코스피 200,2020-06-30,200,200,200,0,0,,
코스피 200,2020-07-31,200,200,200,0,0,,
코스피 200,2020-08-31,200,200,200,0,0,,
코스피 200,2020-10-30,200,200,200,0,0,,
코스피 200,2020-11-30,200,200,200,0,0,,
코스피 200,2021-01-29,201,201,201,0,0,,
코스피 200,2021-02-26,201,201,201,0,0,,
코스피 200,2021-03-31,201,201,201,0,0,,
코스피 200,2021-04-30,201,201,201,0,0,,
코스피 200,2021-05-31,202,202,202,0,0,,
코스피 200,2021-06-30,200,200,200,0,0,,
코스피 200,2021-07-30,200,200,200,0,0,,
코스피 200,2021-08-31,200,200,200,0,0,,
코스피 200,2021-09-30,200,200,200,0,0,,
코스피 200,2021-10-29,200,200,200,0,0,,
코스피 200,2021-11-30,201,201,201,0,0,,
코스피 200,2022-02-28,200,200,200,0,0,,
코스피 200,2022-03-31,200,200,200,0,0,,
코스피 200,2022-04-29,200,200,200,0,0,,
코스피 200,2022-05-31,200,200,200,0,0,,
코스피 200,2022-06-30,200,200,200,0,0,,
코스피 200,2022-07-29,200,200,200,0,0,,
코스피 200,2022-08-31,200,200,200,0,0,,
코스피 200,2022-09-30,200,200,200,0,0,,
코스피 200,2022-10-31,200,200,200,0,0,,
코스피 200,2022-11-30,200,200,200,0,0,,
코스피 200,2023-01-31,200,200,200,0,0,,
코스피 200,2023-02-28,200,200,200,0,0,,
코스피 200,2023-03-31,200,200,200,0,0,,
코스피 200,2023-04-28,200,200,200,0,0,,
코스피 200,2023-05-31,200,200,200,0,0,,
코스피 200,2023-06-30,200,200,200,0,0,,
코스피 200,2023-07-31,200,200,200,0,0,,
코스피 200,2023-08-31,200,200,200,0,0,,
코스피 200,2023-10-31,200,200,200,0,0,,
코스피 200,2023-11-30,200,200,200,0,0,,
코스피 200,2024-01-31,200,200,200,0,0,,
코스피 200,2024-02-29,200,200,200,0,0,,
코스피 200,2024-03-29,200,200,200,0,0,,
코스피 200,2024-04-30,200,200,200,0,0,,
코스피 200,2024-05-31,200,200,200,0,0,,
코스피 200,2024-06-28,200,200,200,0,0,,
코스피 200,2024-07-31,200,200,200,0,0,,
코스피 200,2024-08-30,200,200,200,0,0,,
코스피 200,2024-09-30,201,201,201,0,0,,
코스피 200,2024-10-31,201,201,201,0,0,,
코스피 200,2024-11-29,201,201,201,0,0,,
코스피 200,2025-01-31,200,200,200,0,0,,
코스피 200,2025-02-28,200,200,200,0,0,,
코스피 200,2025-03-31,200,200,200,0,0,,
코스피 200,2025-04-30,200,200,200,0,0,,
코스피 200,2025-05-30,200,200,200,0,0,,
코스피 200,2025-06-30,200,200,200,0,0,,
코스피 200,2025-07-31,200,200,200,0,0,,
코스피 200,2025-08-29,200,200,200,0,0,,
코스피 200,2025-09-30,200,200,200,0,0,,
코스피 200,2025-10-31,200,200,200,0,0,,
코스피 200,2025-11-28,200,200,200,0,0,,
코스피 200,2026-01-30,200,200,200,0,0,,
코스피 200,2026-02-27,200,200,200,0,0,,
코스닥 150,2015-07-31,150,150,150,0,0,,
코스닥 150,2015-08-31,150,150,150,0,0,,
코스닥 150,2015-09-30,150,150,150,0,0,,
코스닥 150,2015-10-30,150,150,150,0,0,,
코스닥 150,2015-11-30,150,150,150,0,0,,
코스닥 150,2016-01-29,150,150,150,0,0,,
코스닥 150,2016-02-29,150,150,150,0,0,,
코스닥 150,2016-03-31,150,150,150,0,0,,
코스닥 150,2016-04-29,150,150,150,0,0,,
코스닥 150,2016-05-31,150,150,150,0,0,,
코스닥 150,2016-06-30,150,150,150,0,0,,
코스닥 150,2016-07-29,150,150,150,0,0,,
코스닥 150,2016-08-31,150,150,150,0,0,,
코스닥 150,2016-09-30,150,150,150,0,0,,
코스닥 150,2016-10-31,150,150,150,0,0,,
코스닥 150,2016-11-30,150,150,150,0,0,,
코스닥 150,2017-01-31,150,150,150,0,0,,
코스닥 150,2017-02-28,150,150,150,0,0,,
코스닥 150,2017-03-31,150,150,150,0,0,,
코스닥 150,2017-04-28,150,150,150,0,0,,
코스닥 150,2017-05-31,150,150,150,0,0,,
코스닥 150,2017-06-30,150,150,150,0,0,,
코스닥 150,2017-07-31,150,150,150,0,0,,
코스닥 150,2017-08-31,150,150,150,0,0,,
코스닥 150,2017-09-29,150,150,150,0,0,,
코스닥 150,2017-10-31,150,150,150,0,0,,
코스닥 150,2017-11-30,150,150,150,0,0,,
코스닥 150,2018-01-31,150,150,150,0,0,,
코스닥 150,2018-02-28,150,150,150,0,0,,
코스닥 150,2018-03-30,150,150,150,0,0,,
코스닥 150,2018-04-30,150,150,150,0,0,,
코스닥 150,2018-05-31,150,150,150,0,0,,
코스닥 150,2018-06-29,150,150,150,0,0,,
코스닥 150,2018-07-31,150,150,150,0,0,,
코스닥 150,2018-08-31,150,150,150,0,0,,
코스닥 150,2018-09-28,150,150,150,0,0,,
코스닥 150,2018-10-31,150,150,150,0,0,,
코스닥 150,2018-11-30,150,150,150,0,0,,
코스닥 150,2019-01-31,150,150,150,0,0,,
코스닥 150,2019-02-28,150,150,150,0,0,,
코스닥 150,2019-03-29,150,150,150,0,0,,
코스닥 150,2019-04-30,150,150,150,0,0,,
코스닥 150,2019-05-31,149,149,149,0,0,,
코스닥 150,2019-06-28,150,150,150,0,0,,
코스닥 150,2019-07-31,150,150,150,0,0,,
코스닥 150,2019-08-30,150,150,150,0,0,,
코스닥 150,2019-09-30,150,150,150,0,0,,
코스닥 150,2019-10-31,150,150,150,0,0,,
코스닥 150,2019-11-29,150,150,150,0,0,,
코스닥 150,2020-01-31,150,150,150,0,0,,
코스닥 150,2020-02-28,150,150,150,0,0,,
코스닥 150,2020-03-31,150,150,150,0,0,,
코스닥 150,2020-05-29,150,150,150,0,0,,
코스닥 150,2020-06-30,150,150,150,0,0,,
코스닥 150,2020-07-31,150,150,150,0,0,,
코스닥 150,2020-08-31,150,150,150,0,0,,
코스닥 150,2020-10-30,150,150,150,0,0,,
코스닥 150,2020-11-30,150,150,150,0,0,,
코스닥 150,2021-01-29,150,150,150,0,0,,
코스닥 150,2021-02-26,150,150,150,0,0,,
코스닥 150,2021-03-31,150,150,150,0,0,,
코스닥 150,2021-04-30,150,150,150,0,0,,
코스닥 150,2021-05-31,150,150,150,0,0,,
코스닥 150,2021-06-30,150,150,150,0,0,,
코스닥 150,2021-07-30,150,150,150,0,0,,
코스닥 150,2021-08-31,150,150,150,0,0,,
코스닥 150,2021-09-30,150,150,150,0,0,,
코스닥 150,2021-10-29,150,150,150,0,0,,
코스닥 150,2021-11-30,149,149,149,0,0,,
코스닥 150,2022-02-28,150,150,150,0,0,,
코스닥 150,2022-03-31,150,150,150,0,0,,
코스닥 150,2022-04-29,150,150,150,0,0,,
코스닥 150,2022-05-31,150,150,150,0,0,,
코스닥 150,2022-06-30,150,150,150,0,0,,
코스닥 150,2022-07-29,150,150,150,0,0,,
코스닥 150,2022-08-31,150,150,150,0,0,,
코스닥 150,2022-09-30,150,150,150,0,0,,
코스닥 150,2022-10-31,150,150,150,0,0,,
코스닥 150,2022-11-30,150,150,150,0,0,,
코스닥 150,2023-01-31,150,150,150,0,0,,
코스닥 150,2023-02-28,150,150,150,0,0,,
코스닥 150,2023-03-31,150,150,150,0,0,,
코스닥 150,2023-04-28,150,150,150,0,0,,
코스닥 150,2023-05-31,150,150,150,0,0,,
코스닥 150,2023-06-30,150,150,150,0,0,,
코스닥 150,2023-07-31,150,150,150,0,0,,
코스닥 150,2023-08-31,150,150,150,0,0,,
코스닥 150,2023-10-31,150,150,150,0,0,,
코스닥 150,2023-11-30,150,150,150,0,0,,
코스닥 150,2024-01-31,150,150,150,0,0,,
코스닥 150,2024-02-29,150,150,150,0,0,,
코스닥 150,2024-03-29,150,150,150,0,0,,
코스닥 150,2024-04-30,150,150,150,0,0,,
코스닥 150,2024-05-31,150,150,150,0,0,,
코스닥 150,2024-06-28,150,150,150,0,0,,
코스닥 150,2024-07-31,150,150,150,0,0,,
코스닥 150,2024-08-30,150,150,150,0,0,,
코스닥 150,2024-09-30,150,150,150,0,0,,
코스닥 150,2024-10-31,150,150,150,0,0,,
코스닥 150,2024-11-29,150,150,150,0,0,,
코스닥 150,2025-01-31,150,150,150,0,0,,
코스닥 150,2025-02-28,150,150,150,0,0,,
코스닥 150,2025-03-31,150,150,150,0,0,,
코스닥 150,2025-04-30,150,150,150,0,0,,
코스닥 150,2025-05-30,150,150,150,0,0,,
코스닥 150,2025-06-30,150,150,150,0,0,,
코스닥 150,2025-07-31,150,150,150,0,0,,
코스닥 150,2025-08-29,150,150,150,0,0,,
코스닥 150,2025-09-30,150,150,150,0,0,,
코스닥 150,2025-10-31,150,150,150,0,0,,
코스닥 150,2025-11-28,150,150,150,0,0,,
코스닥 150,2026-01-30,150,150,150,0,0,,
코스닥 150,2026-02-27,150,150,150,0,0,,
