ticker,name
000075,삼양홀딩스우
000090,두산상사
000130,한일은행
000160,대한중석
000170,LG금속
0001A0,덕양에너젠
000200,대우중공업
000280,동아건설
000310,해태제과
000327,노루홀딩스2우B
000330,두산백화
000365,삼환기업우
000425,로케트전우
000450,한주통산
0004V0,엔비알모션
000510,태    화
000530,대한제지
000547,흥국화재2우B
000550,삼덕제지
000570,금호건설
000600,삼화실업
000685,LS네트웍스우
000687,LS네트웍스전환상환2우B
000730,서울교통
0007C0,아크릴
000805,경남기업1우B
000835,삼성물산우
000840,한국벨트
000870,전진산업
000885,한화우
000895,보해양조우
0008Z0,에스엔시스
000900,강원산업
000930,한화기계
000980,극동건설
000995,DB하이텍1우
000997,동부하이텍2우B
0009K0,에임드바이오
001030,리젠트화재
001047,CJ2우B
001049,CJ3우B
001090,동서증권
0010V0,제이피아이헬스케어
001110,대농
001160,신원제이엠씨
001170,장은증권
001265,남광토건1우B
001350,대한모방
001375,FnC코오롱우
001385,SG충남방적우
0013V0,삼진식품
001400,동산씨앤지
001529,동양3우B
0015G0,그린광학
0015N0,아로마티카
0015S0,페스카로
001610,두산종합식품
001675,경남모직1우
001687,대상2우B
001689,대상3우B
001690,두산테크팩
001700,공영토건
001725,신영증권우
001745,SK네트웍스우
001799,대한제당3우B
001835,동부일렉트로닉스1우B
001837,동부일렉트로닉스2우B
001850,임광토건
001910,영일화학공업
001920,한보철강
001930,효성물산
001955,남한제지우
001975,신성건설우
001990,자유건설
002005,한국유리우
002010,삼성건설
002027,코오롱2우B
002050,경향건설
002080,벽산개발
002105,경농1우
002130,피어리스
002180,삼익건설
002190,우주종합건설
002340,유    성
002365,SH에너지화학우
002440,미    원
002470,동성
002535,벽산건설우
002580,삼미
002610,LGEI
002730,고려증권
002740,동양화학
002750,피죤
002797,아모레G2우B
002830,삼능건설
002910,진성레미컨
002940,경동산업
003079,코오롱건설3우B
003110,대일화학
003260,서광
003290,엔케이텔레콤
003320,신한증권
003335,하나증권1우
003415,쌍용양회우
003417,쌍용양회2우B
003419,쌍용양회3우B
003430,유진화학
003457,현대증권2우B
003500,삼진화학
003605,SK우
003700,비락
003840,중    원
003860,성담
003890,삼일공사
003945,삼양제넥우
003965,사조대림우
003970,동부산업
003980,한일합섬
004025,현대제철 1우B
004110,대선주조
004135,대덕GDS우
004137,대덕GDS2우B
004145,동방1우B
004147,동방전환상환2우B
004149,동방전환상환3우B
004210,한일방직
004260,대성자원
004280,아시아차
004290,아이케이
004325,울트라건설우
004367,세방2우B
004390,오리온전기
004420,동국무역
004460,고합
004480,동방전자산업
004520,삼호건설
004555,대우송도개발1우
004565,현대비앤지스틸우
004600,두산음료
004730,진로식품
004750,삼우인다스트리얼
004965,한신공영우
004987,성신양회2우B
004989,성신양회3우B
005000,남선물산
005020,장기은행
005040,두산기계
005060,대우통신
005100,쌍용제지
005255,녹십자홀딩스1우
005370,원진
005410,신광산업
005470,한국염공
005510,충청은행
005580,삼익주택
005605,중앙제지1우B
005650,단암산업
005660,한진건설
005770,광주은행
005790,만도기계
006000,남송개발
006160,신화건설
006240,진도물산
006290,인천정유
006300,대전신금
006320,경기은행
006347,대원전선2우B
006375,대구백화우
006445,한일건설1우B
006510,인    켈
006520,형진건설
006540,한국상호신용금고
006590,강원은행
006605,동신제약1우
006610,경남은행
006790,대상교역
006860,혜성테푸공업
006900,요업개발
007000,한주전자
007020,캡스
007090,대동신금
007100,호남식품
007140,강남화성
007170,기아차판매
007195,한솔아트원제지우
007197,한솔아트원제지2우B
007230,금성기전
007240,충북은행
007260,동화상호신용금고
007360,하나은행
007380,고합물산
007410,대우전자
007420,해동금고
007560,한국코인
007595,동방아그우
007790,금하방직
007840,한국협화화학공업
007850,한국화이바
007930,대신석유
007990,신중앙상호신용금고
008010,삼협개발
008050,경북상호신용금고
008100,거성산업
008160,보람상호신용금고
008170,서은상호신용금고
008190,신호전자
008330,동미전기공업
008405,C&중공업우
008410,동방상호신용금고
008430,성보섬유(장외)
008440,아이넥스
008480,KEP전자
008530,일은증권
008580,대성전기
008640,우성건설
008650,신한전자
008675,굿모닝신한증권1우
008680,남신
008690,한양
008705,아남전자우
008750,범양식품
008810,LG종금
008860,한영전자
008890,보람은행
008920,삼천전기
008950,동부화학
008960,경북콘크리트
008975,동양철관우
008980,동양현대종금
008990,중앙종금
009030,대한종금
009050,대한알미늄
009085,퍼시픽글라스1우
009275,신원우
009330,삼애인더스
009385,아세아페우B
009590,경동
009650,현대차써비스
009815,고려포리머우
009840,갑을
009895,맥슨텔레콤1우B
009897,맥슨텔레콤2우B
009950,삼한실업
010000,금성계전
010030,흥양
010110,고려화학
010145,삼성중공우
010220,한솔종금
010330,라미화장품
010510,일진
010530,라이프주택
010810,정일이엔씨
010910,제일냉동
010920,로보트보일러
010970,한주화학
011180,동국방직
011260,한국종금
011290,갑을방적
011360,국제밸브공업
011450,송원칼라
011470,기    산
011510,청구
011520,서울가든
011540,삼신
011650,LG정보
011770,주일
011820,한국물산
011840,계몽사
011860,동아일렉콤
011870,삼보지질
011880,현대종금
011890,제일곡산
011900,라이카
011920,태평양금속
011940,태영판지
011960,새한종금
012010,삼산
012095,성원건설우
0120G0,삼양바이오팜
012150,동방개발
012190,신호페이퍼
012220,동국전자
012260,이지닷컴
012270,동신
012335,현대모비스우
012350,한국체인공업
012360,신신상사
012405,허메스홀딩스우
012470,영진테크
012500,제일종금
012540,일신
012655,쌍용건설우
012670,환영철강
0126Z0,삼성에피스홀딩스
012710,한스종금
012805,대창우
012830,현대리바트
012910,한라시멘트
013005,세우글로벌우
013040,금강피혁
013070,태양이앤테크
013090,이트로닉스
013210,장복건설
013250,대양금고
013320,삼경정밀
013365,일성건설우B
013367,일성건설2우B
013630,휴먼이노텍
013690,뉴코아
013730,세원
013820,피앤텍
013850,교하
013900,두원중공업
014015,인터피온반도체1우
014040,GPS
014080,뉴맥스
014090,석천
014150,한외종금
014210,대진동관공업
014250,선일옵트론
014270,신림종합건설
014340,한국종합철관
014380,대동
014390,대구종금
014400,경남종금
014430,한길종금
014450,삼양종금
014490,쌍용종금
014660,녹십자의료공업
014740,금호케미칼
014827,동원시스템즈2우B
014980,항도종금
015060,미주실업
015080,청솔종금
015150,다산
015180,삼송공업
015340,나우정밀
015530,큐닉스컴퓨터
015545,웰스브릿지우
015580,신한은행
015620,현대울산종금
015650,리젠트종금
015675,AP우주통신1우B
015730,대우정밀
015780,논    노
015880,태화쇼핑
015910,유산실업
015920,대림금속공업
015980,금    경
016070,동성반도체
016167,오라바이오틱스2우B
016230,유천건설
016310,신우산업기기
016350,신한종금
016385,KG스틸우
016390,나라종금
016430,동신제지
016480,한화종금
016500,삼삼종금
016550,한별텔레콤
016575,태평양제우
016620,우풍상호신용금고
016640,신    화
016680,태흥피혁
016690,신세계종금
016975,씨크롭1우
017070,호승
017090,풍연
017110,고려종금
017120,바로크
017210,코닉스
017320,태일정밀
017410,한주개발
017555,수산중공우
017620,라인건설
017740,주화산업
018020,스타리스
018230,보성건설
018360,메디슨
018380,유진산업
018415,현대금속우
018417,현대금속2우B
018480,부산리스금융
018550,한국안전유리
018570,선진금속
018590,KNC
018720,동양기공
018740,에어로시스템
018840,금성제관
018860,동방산업개발
018910,신호테크
019230,신한종합비료
019380,신강제지
019460,서울창업투자
019530,한국산업투자
019730,신한모방
020075,에버리소스우
020100,태일전자
020490,아이씨켐
020620,세본금속
020860,리타워텍
020880,동마산업
021090,케미그라스
021170,고려유화
021220,삼화정밀
021310,동화은행
021600,대동은행
021610,동남은행
021660,하이켐
021740,세화기술투자
021870,중앙리스금융
021930,경남리스
022020,삼경기전
022060,삼성투신증권
022130,건영종합건설
022510,동호전기
022610,한일
022770,금강정공
022780,옵셔널벤처스
022870,평화은행
023130,국민은행
023140,다다
023580,한서상호신용금고
023710,익산
023780,신한캐피탈
023880,삼협산업
023920,광일
024080,카리스소프트
024820,동부상호신용금고
024860,국제종합토건
024920,동신특강
024930,국정교과서
024960,영남종금
025080,외환리스
025090,대구리스금융
025150,삼주건설
025220,중앙상호신용금고
025840,레이디
025910,동방음향
025940,부영철강
025960,동흥전기
026240,동남리스
026900,신원금속
026920,영성제강
026930,한양철강공업
026950,한일제관
027450,한보상호신용금고
027460,주택은행
027560,케이디엠
027610,대륭
027890,스탠더드텔레
028305,에이치엘비우
029470,한국대아진공
029890,현대반도체
030700,한통엠닷컴
030710,동아금고
030970,주은리스
031090,화니백화점
032780,테라
032970,카인드웨어서울
033040,세림아이텍
033070,삼한콘트롤스
033300,보성인터
033350,대진정밀화학
033510,어필텔레콤
033725,블루스톤우
033855,지노시스템우
033885,블루멈우
034180,알바트로스
034190,코스파이더
034260,삼성다이나믹
034270,삼성 프라임
034330,사파이어전환
034340,사파이어성장
034350,트윈스챌린지
034430,한빛세이프일
034440,한빛세이프이
034470,동원장보고1
034650,성공파트너1
034760,호크아이즈
034770,SEI에셋
034820,드림
034840,트윈스비전일
034920,하이프로
034970,올에버
034980,이론테크
035050,플래티넘타겟
035300,실크로드
035320,알바트로스2
035340,엠피챌린지
035405,브이에스에스티우
035520,삼성그랑프리
035530,프라임성장형
035590,마이다스성일
035670,챌린지전환1
035680,챌린지성장2
035880,마이다스자일
035915,현대멀티캡우
035917,현대멀티캡2우
035919,현대멀티캡3우
035940,에스이아이주
035970,교보그로쓰
035980,교보 본드
036040,마이다스전일
036300,실크자산 1
036330,리젠트자산1
036390,대신불펀드일
036400,마이다스테크
036585,팜스코우B
036650,실크자산2
036780,알바트로스3
036825,BET우
036950,유리중립일
036960,유리피아이일
036970,리젠트성장1
037040,실크자산3
037180,알바트로스 4
037200,다산씨앤아이
037280,시스컴
037360,KTB전환형1
037410,코리아링크
037430,리젠트프로1
037480,박현주2성장
037490,박현주자산1
037520,유리아이피일
037530,유리배분일
037740,디지텔
037770,박현주3성장
037780,박현주4성장
038020,월드그랜드1
038270,옵티멈전환일
038310,마이다스전이
038380,KTB자산배분2
038520,화인썬트로닉
038760,KTB전환형41
038770,글로벌하이1
038940,박현주7성장
039050,마이다스테2
039160,월드그랜드2
039180,동원장보고2
039220,미래아이티1
039270,리젠트빅히트
039280,유리앙상블
039380,옵티멈전환2
039500,마인
039520,플래티넘이천
039540,마이다스페셜
039720,CJ프론티어
039920,마이다스하전
040260,미래아이티2
040270,미래하이3
040380,한가족주식
040520,마이다스테3
040750,벨로체피아노
040780,유니씨앤티
040860,마이다스코코
040940,미래아이티3
040950,미래하이4
042300,KTB드림1
042310,KTB코스닥1
042470,심스밸리
042945,르네코우
043040,마이다스30
043350,리젠트코스
043380,플래티넘성1
043700,바이킹성장일
044240,세이우량채권
044400,KTB전환32
044410,미래알바1
044570,한빛전자통신
044750,다임채권형일
044775,에이엠에스우
045090,옵티멈성장1
045240,뉴씨앤씨
046930,타임
049790,소프트윈
053595,한국테크놀로지우
053960,어플라이드
060840,태영텔스타
063515,코오롱인터1우
068875,LG생명과학우
071057,한국금융지주2우B
071955,코아스웰1우B
084697,대상홀딩스2우B
097957,CJ제일제당 2우B
097959,CJ제일제당 3우B
103155,하이트맥주우
035030,파이오니어
035930,에스이아이채
038280,벤처코스닥
038370,KTB벤처1
039370,KTB벤처2
044740,플래티넘성2
044890,미래한아름1
045070,파이오니어2
045280,마이다스페안
045550,유리아이티일
045790,세이채권혼합
045800,KTB더블채권1
046520,유리뉴앙상블
046820,미래한아름2
047890,미래주식1
048660,마이다스차익
049990,세이플러스
051070,세이우량채2
051990,유리크레디트
052520,세이에이스
052530,유리세이프
052540,미래셀렉티브
053530,마이다스차2
063680,미래프리미어
