stock_id,stock_name,stage,refusal
1258,其祥-KY,details,該 1258 公開發行公司不繼續公開發行！
1262,綠悅-KY,details,該 1262 公開發行公司不繼續公開發行！
1333,恩得利工業股份有限公司,details,該 1333 公開發行公司不繼續公開發行！
1469,理隆纖維,details,該 1469 公開發行公司不繼續公開發行！
1507,永大,details,該 1507 公開發行公司不繼續公開發行！
1566,捷邦國際科技股份有限公司,details,該 1566 公開發行公司不繼續公開發行！
1701,中化,details,該 1701 公開發行公司不繼續公開發行！
1704,榮化,details,該 1704 公開發行公司不繼續公開發行！
1715,萬洲化學,details,該 1715 公開發行公司不繼續公開發行！
1724,台硝,details,該 1724 公開發行公司不繼續公開發行！
1729,必翔實業,details,該 1729 公開發行公司不繼續公開發行！
1787,福盈科技化學股份有限公司,details,該 1787 公開發行公司不繼續公開發行！
1902,台紙,details,該 1902 公開發行公司不繼續公開發行！
2311,日月光,details,該 2311 公開發行公司不繼續公開發行！
2315,神達電腦,details,該 2315 公開發行公司不繼續公開發行！
2325,矽品,details,該 2325 公開發行公司不繼續公開發行！
2358,廷鑫,details,該 2358 公開發行公司不繼續公開發行！
2361,	鴻友科技,details,該 2361 公開發行公司不繼續公開發行！
2437,旺詮,details,該 2437 公開發行公司不繼續公開發行！
2448,晶電,details,該 2448 公開發行公司不繼續公開發行！
2456,奇力新,details,該 2456 公開發行公司不繼續公開發行！
2463,研揚,details,該 2463 上市公司已下市！
2473,思源,details,該 2473 公開發行公司不繼續公開發行！
2475,華映,details,該 2475 公開發行公司不繼續公開發行！
2499,東貝,details,該 2499 公開發行公司不繼續公開發行！
2841,台開,details,該 2841 公開發行公司不繼續公開發行！
2847,大眾銀行,details,該 2847 公開發行公司不繼續公開發行！
2854,寶來證,details,該 2854 公開發行公司不繼續公開發行！
2856,元富證券,details,該 2856 公開發行公司不繼續公開發行！
2928,紅馬-KY,details,該 2928 公開發行公司不繼續公開發行！
2936,客思達-KY,details,該 2936 公開發行公司不繼續公開發行！
3061,璨圓,details,該 3061 公開發行公司不繼續公開發行！
3068,美磊科技股份有限公司,details,該 3068 公開發行公司不繼續公開發行！
3069,台灣金屬礦業股份有限公司,details,該 3069 公開發行公司不繼續公開發行！
3080,威力盟,details,該 3080 公開發行公司不繼續公開發行！
3087,翔準先進光罩股份有限公司,details,該 3087 公開發行公司不繼續公開發行！
3089,億杰,details,該 3089 公開發行公司不繼續公開發行！
3126,信億科技股份有限公司,details,該 3126 公開發行公司不繼續公開發行！
3144,新揚科,details,該 3144 公開發行公司不繼續公開發行！
3291,遠翔科技股份有限公司,details,該 3291 公開發行公司不繼續公開發行！
3299,帛漢股份有限公司,details,該 3299 公開發行公司不繼續公開發行！
3315,宣昶,details,該 3315 公開發行公司不繼續公開發行！
3367,英華達,details,該 3367 公開發行公司不繼續公開發行！
3383,新世紀,details,該 3383 公開發行公司不繼續公開發行！
3389,志遠電子股份有限公司,details,該 3389 公開發行公司不繼續公開發行！
3428,光燿科技股份有限公司,details,該 3428 公開發行公司不繼續公開發行！
3431,長天科技股份有限公司,details,該 3431 公開發行公司不繼續公開發行！
3452,益通光能科技股份有限公司,details,該 3452 公開發行公司不繼續公開發行！
3474,華亞科,details,該 3474 公開發行公司不繼續公開發行！
3514,昱晶,details,該 3514 公開發行公司不繼續公開發行！
3519,綠能,details,該 3519 公開發行公司不繼續公開發行！
3534,雷凌,details,該 3534 公開發行公司不繼續公開發行！
3536,誠創,details,該 3536 公開發行公司不繼續公開發行！
3553,力積電子股份有限公司,details,該 3553 公開發行公司不繼續公開發行！
3559,全智科,details,該 3559 公開發行公司不繼續公開發行！
3561,昇陽光電,details,該 3561 公開發行公司不繼續公開發行！
3562,頂晶科技股份有限公司,details,該 3562 公開發行公司不繼續公開發行！
3573,穎台,details,該 3573 公開發行公司不繼續公開發行！
3579,尚志,details,該 3579 公開發行公司不繼續公開發行！
3582,凌耀科技股份有限公司,details,該 3582 公開發行公司不繼續公開發行！
3584,介面,details,該 3584 公開發行公司不繼續公開發行！
3598,奕力,details,該 3598 上市公司已下市！
3599,旺能,details,該 3599 公開發行公司不繼續公開發行！
3638,F-IML,details,該 3638 上市公司已下市！
3642,駿熠電,details,該 3642 公開發行公司不繼續公開發行！
3658,漢民微測科技股份有限公司,details,該 3658 公開發行公司不繼續公開發行！
3662,樂陞科技股份有限公司,details,該 3662 公開發行公司不繼續公開發行！
3682,亞太電,details,該 3682 上市公司已下市！
3697,F-晨星,details,該 3697 公開發行公司不繼續公開發行！
3698,隆達,details,該 3698 公開發行公司不繼續公開發行！
4103,百略醫學科技股份有限公司,details,該 4103 公開發行公司不繼續公開發行！
4141,龍燈-KY,details,該 4141 公開發行公司不繼續公開發行！
4144,康聯-KY,details,該 4144 公開發行公司不繼續公開發行！
4152,台微體,details,該 4152 公開發行公司不繼續公開發行！
4180,安成國際藥業股份有限公司,details,該 4180 公開發行公司不繼續公開發行！
4408,聯明行動科技股份有限公司,details,該 4408 公開發行公司不繼續公開發行！
4415,台原藥股份有限公司,details,該 4415 公開發行公司不繼續公開發行！
4429,聚紡,details,該 4429 公開發行公司不繼續公開發行！
4703,揚華科技股份有限公司,details,該 4703 公開發行公司不繼續公開發行！
4725,信昌化,details,該 4725 公開發行公司不繼續公開發行！
4733,上緯,details,該 4733 公開發行公司不繼續公開發行！
4762,三汰控股(開曼)股份有限公司,details,該 4762 公開發行公司不繼續公開發行！
4803,VHQ-KY,details,該 4803 公開發行公司不繼續公開發行！
4944,兆遠,details,該 4944 公開發行公司不繼續公開發行！
4947,昂寶電子股份有限公司,details,該 4947 公開發行公司不繼續公開發行！
4965,商店街市集國際資訊股份有限公司,details,該 4965 公開發行公司不繼續公開發行！
4984,科納-KY,details,該 4984 公開發行公司不繼續公開發行！
5102,富強,details,該 5102 公開發行公司不繼續公開發行！
5255,美桀科技股份有限公司,details,該 5255 公開發行公司不繼續公開發行！
5259,奕智博,details,該 5259 公開發行公司不繼續公開發行！
5261,創傑科技股份有限公司,details,該 5261 公開發行公司不繼續公開發行！
5264,鎧勝-KY,details,該 5264 上市公司已下市！
5266,"Auto Server Co., Ltd.",details,該 5266 公開發行公司不繼續公開發行！
5280,F-敦泰,details,該 5280 公開發行公司不繼續公開發行！
5281,大峽谷-KY,details,該 5281 公開發行公司不繼續公開發行！
5304,鼎創達,details,該 5304 公開發行公司不繼續公開發行！
5305,敦南,details,該 5305 公開發行公司不繼續公開發行！
5317,凱美電機股份有限公司,details,該 5317 公開發行公司不繼續公開發行！
5349,先豐,details,該 5349 公開發行公司不繼續公開發行！
5383,金利,details,該 5383 公開發行公司不繼續公開發行！
5384,捷元股份有限公司,details,該 5384 公開發行公司不繼續公開發行！
5395,圓方創新股份有限公司,details,該 5395 公開發行公司不繼續公開發行！
5466,泰林科技股份有限公司,details,該 5466 公開發行公司不繼續公開發行！
5467,聯福生科技股份有限公司,details,該 5467 公開發行公司不繼續公開發行！
5480,統盟電子股份有限公司,details,該 5480 公開發行公司不繼續公開發行！
5491,連展科技股份有限公司,details,該 5491 公開發行公司不繼續公開發行！
5505,和旺聯合實業股份有限公司,details,該 5505 公開發行公司不繼續公開發行！
5506,長鴻營造股份有限公司,details,該 5506 公開發行公司不繼續公開發行！
5820,日盛金,details,該 5820 公開發行公司不繼續公開發行！
6012,金鼎證,details,該 6012 上市公司已下市！
6022,大眾綜合證券股份有限公司,details,該 6022 公開發行公司不繼續公開發行！
6105,瑞傳科技股份有限公司,details,該 6105 公開發行公司不繼續公開發行！
6107,華美電子股份有限公司,details,該 6107 公開發行公司不繼續公開發行！
6119,大傳,details,該 6119 公開發行公司不繼續公開發行！
6131,鈞泰,details,該 6131 公開發行公司不繼續公開發行！
6135,佳營電子股份有限公司,details,該 6135 公開發行公司不繼續公開發行！
6145,勁永,details,該 6145 公開發行公司不繼續公開發行！
6172,互億,details,該 6172 公開發行公司不繼續公開發行！
6211,福登精密工業股份有限公司,details,該 6211 公開發行公司不繼續公開發行！
6238,勝麗,details,該 6238 公開發行公司不繼續公開發行！
6247,淇譽電,details,該 6247 公開發行公司不繼續公開發行！
6250,宇加科技股份有限公司,details,該 6250 公開發行公司不繼續公開發行！
6251,定穎,details,該 6251 公開發行公司不繼續公開發行！
6286,立錡,details,該 6286 公開發行公司不繼續公開發行！
6289,華上,details,該 6289 公開發行公司不繼續公開發行！
6298,崴強科技股份有限公司,details,該 6298 公開發行公司不繼續公開發行！
6404,通訊-KY,details,該 6404 公開發行公司不繼續公開發行！
6422,君耀-KY,details,該 6422 公開發行公司不繼續公開發行！
6497,亞獅康-KY,details,該 6497 公開發行公司不繼續公開發行！
6514,芮特-KY,details,該 6514 公開發行公司不繼續公開發行！
6554,中美冠科生物技術股份有限公司,details,該 6554 公開發行公司不繼續公開發行！
6594,展匯科,details,該 6594 公開發行公司不繼續公開發行！
6702,興航,details,該 6702 公開發行公司不繼續公開發行！
8008,建興電,details,該 8008 公開發行公司不繼續公開發行！
8053,巨擘科技股份有限公司,details,該 8053 公開發行公司不繼續公開發行！
8078,華寶,details,該 8078 公開發行公司不繼續公開發行！
8079,誠遠科技股份有限公司,details,該 8079 公開發行公司不繼續公開發行！
8082,漢承泰企業股份有限公司,details,該 8082 公開發行公司不繼續公開發行！
8199,廣鎵,details,該 8199 公開發行公司不繼續公開發行！
8266,中日新科技股份有限公司,details,該 8266 公開發行公司不繼續公開發行！
8406,金可-KY,details,該 8406 公開發行公司不繼續公開發行！
8418,捷必勝-KY,details,該 8418 公開發行公司不繼續公開發行！
8420,明揚,details,該 8420 公開發行公司不繼續公開發行！
8427,基勝-KY,details,該 8427 公開發行公司不繼續公開發行！
8480,泰昇-KY,details,該 8480 公開發行公司不繼續公開發行！
8497,格威傳媒,details,該 8497 公開發行公司不繼續公開發行！
8705,東隆五金工業股份有限公司,details,該 8705 公開發行公司不繼續公開發行！
8913,全銓租賃股份有限公司,details,該 8913 公開發行公司不繼續公開發行！
8925,偉盟工業股份有限公司,details,該 8925 公開發行公司不繼續公開發行！
8934,衡平,details,該 8934 公開發行公司不繼續公開發行！
